scenario,hour,load_mw,wind_available_mw,pv_available_mw,wind_dispatch_mw,pv_dispatch_mw,wind_curtailment_mw,pv_curtailment_mw,alk_power_mw,pem_power_mw,nh3_power_mw,alk_on,pem_on,nh3_on,alk_startup,pem_startup,nh3_startup,alk_h2_kg,pem_h2_kg,nh3_kg,grid_buy_mw,grid_sell_mw,battery_charge_mw,battery_discharge_mw,soc_mwh,buy_price_yuan_per_kwh
W1_P1,0,1.3698000000000001,9.776,0.0,9.776,0.0,0.0,0.0,14.0,17.75,1.2,1,1,1,0,0,0,196.0,284.0,2400.0,24.548374637085356,-0.0,0.004574637085356474,0.0,2.0585866884104616,0.3424
W1_P1,1,1.0997999999999999,10.904,0.0,10.904,0.0,0.0,0.0,20.0,20.0,1.5,1,1,1,0,0,0,280.0,320.0,3000.0,31.700374637085353,0.0,0.004574637085356474,0.0,2.0585866884104616,0.3424
W1_P1,2,0.7998000000000001,15.152000000000001,0.0,15.152000000000001,0.0,0.0,0.0,20.0,20.0,1.5,1,1,1,0,0,0,280.0,320.0,3000.0,27.152374637085355,0.0,0.004574637085356474,0.0,2.0585866884104616,0.3424
W1_P1,3,0.99,13.312,0.0,13.312,0.0,0.0,0.0,20.0,20.0,1.5,1,1,1,0,0,0,280.0,320.0,3000.0,29.182574637085356,0.0,0.004574637085356474,0.0,2.0585866884104616,0.3424
W1_P1,4,1.1802000000000001,15.072000000000001,0.0,15.072000000000001,0.0,0.0,0.0,20.0,20.0,1.5,1,1,1,0,0,0,280.0,320.0,3000.0,27.61277463708535,0.0,0.004574637085356474,0.0,2.0585866884104616,0.3424
W1_P1,5,1.6301999999999999,18.724,0.0,18.724,0.0,0.0,0.0,20.0,20.0,1.5,1,1,1,0,0,0,280.0,320.0,3000.0,32.43701665758482,0.0,8.030816657584825,0.0,9.282204506859983,0.3424
W1_P1,6,2.5002,9.628,14.08,9.628,14.08,0.0,0.0,20.0,20.0,1.5,1,1,1,0,0,0,280.0,320.0,3000.0,30.585133442053213,0.0,10.292933442053211,0.0,18.527280195694154,0.3424
W1_P1,7,3.3701999999999996,22.804000000000002,25.6,22.804000000000002,25.6,0.0,0.0,20.0,20.0,1.5,1,1,1,0,0,0,280.0,320.0,3000.0,0.0,3.533800000000004,0.0,0.0,18.490225635302764,0.6074
W1_P1,8,4.0098,17.852,37.12,17.852,37.12,0.0,0.0,17.80693382213206,20.0,1.4232426837746222,1,1,1,0,0,0,249.29707350984881,320.0,2846.485367549244,0.0,11.732023494093319,0.0,0.0,18.45324518403216,0.6074
W1_P1,9,4.199999999999999,14.328000000000001,46.08,14.328000000000001,46.08,0.0,0.0,11.806933822132056,20.0,1.213242683774622,1,1,1,0,0,0,165.2970735098488,320.0,2426.485367549244,0.0,23.187823494093323,0.0,0.0,18.416338693664095,0.6074
W1_P1,10,4.1202,11.904,52.48,11.904,52.48,0.0,0.0,5.8069338221320566,20.0,1.003242683774622,1,1,1,0,0,0,81.29707350984879,320.0,2006.485367549244,0.0,33.45362349409333,0.0,0.0,18.379506016276768,0.8024
W1_P1,11,3.9000000000000004,7.736,55.04,7.736,55.04,0.0,0.0,11.806933822132056,20.0,1.213242683774622,1,1,1,0,0,0,165.2970735098488,320.0,2426.485367549244,0.0,25.855823494093322,0.0,0.0,18.342747004244213,0.8024
W1_P1,12,3.2598000000000003,8.556000000000001,56.32,8.556000000000001,56.32,0.0,0.0,17.806933822132056,20.0,1.4232426837746222,1,1,1,0,0,0,249.2970735098488,320.0,2846.485367549244,0.0,22.386023494093333,0.0,0.0,18.306061510235725,0.8024
W1_P1,13,2.6898,14.52,56.32,14.52,56.32,0.0,0.0,11.806933822132056,20.0,1.213242683774622,1,1,1,0,0,0,165.2970735098488,320.0,2426.485367549244,0.0,35.13002349409333,0.0,0.0,18.269449387215253,0.8024
W1_P1,14,3.63,6.707999999999999,52.48,6.707999999999999,52.48,0.0,0.0,10.117393699155812,20.0,1.1541087794704534,1,1,1,0,0,0,141.64351178818137,320.0,2308.2175589409067,0.0,24.286497521373725,0.0,0.0,18.232910488440822,0.8024
W1_P1,15,3.8202000000000003,11.175999999999998,44.8,11.175999999999998,44.8,0.0,0.0,16.117393699155812,20.0,1.3641087794704534,1,1,1,0,0,0,225.64351178818137,320.0,2728.2175589409067,0.0,14.674297521373738,0.0,0.0,18.19644466746394,0.6074
W1_P1,16,3.75,10.107999999999999,33.28,10.107999999999999,33.28,0.0,0.0,10.117393699155814,20.0,1.1541087794704534,1,1,1,0,0,0,141.6435117881814,320.0,2308.2175589409067,0.0,8.36649752137373,0.0,0.0,18.160051778129013,0.6074
W1_P1,17,3.1398,6.3839999999999995,24.32,6.3839999999999995,24.32,0.0,0.0,4.117393699155814,20.0,0.9441087794704535,1,1,1,0,0,0,57.6435117881814,320.0,1888.2175589409069,0.0,2.0543102756832905,0.4483872456904415,0.0,18.527280195694154,0.6074
W1_P1,18,2.61,6.428000000000001,11.52,6.428000000000001,11.52,0.0,0.0,4.0,10.727719486761336,0.5691087794704535,1,1,1,0,0,0,56.0,171.64351178818137,1138.2175589409069,0.0,0.0,0.041171733768210726,0.0,18.527280195694154,0.8024
W1_P1,19,2.1198,5.736,0.0,5.736,0.0,0.0,0.0,4.0,7.75,0.44999999999999996,1,1,1,0,0,0,56.0,124.0,899.9999999999999,0.0,0.0,0.0,8.5838,8.952670079747207,0.8024
W1_P1,20,1.8599999999999999,3.752,0.0,3.752,0.0,0.0,0.0,4.0,7.75,0.44999999999999996,1,1,1,0,0,0,56.0,124.0,899.9999999999999,4.1194397539404735,0.0,0.0,6.188560246059526,2.0585866884104616,0.8024
W1_P1,21,1.6301999999999999,3.6919999999999997,0.0,3.6919999999999997,0.0,0.0,0.0,4.0,7.75,0.44999999999999996,1,1,1,0,0,0,56.0,124.0,899.9999999999999,10.142774637085358,0.0,0.004574637085356474,0.0,2.0585866884104616,0.6074
W1_P1,22,1.56,4.88,0.0,4.88,0.0,0.0,0.0,4.0,7.75,0.44999999999999996,1,1,1,0,0,0,56.0,124.0,899.9999999999999,8.884574637085358,0.0,0.004574637085356474,0.0,2.0585866884104616,0.6074
W1_P1,23,1.4802,3.1919999999999997,0.0,3.1919999999999997,0.0,0.0,0.0,8.0,13.625,0.825,1,1,1,0,0,0,112.0,218.0,1649.9999999999998,20.742774637085354,0.0,0.004574637085356474,0.0,2.0585866884104616,0.3424
W1_P2,0,1.3698000000000001,9.776,0.0,9.776,0.0,0.0,0.0,20.0,20.0,1.5,1,1,1,0,0,0,280.0,320.0,3000.0,33.09837463708536,0.0,0.004574637085356474,0.0,2.0585866884104616,0.3424
W1_P2,1,1.0997999999999999,10.904,0.0,10.904,0.0,0.0,0.0,20.0,20.0,1.5,1,1,1,0,0,0,280.0,320.0,3000.0,31.700374637085353,0.0,0.004574637085356474,0.0,2.0585866884104616,0.3424
W1_P2,2,0.7998000000000001,15.152000000000001,0.0,15.152000000000001,0.0,0.0,0.0,20.0,20.0,1.5,1,1,1,0,0,0,280.0,320.0,3000.0,27.152374637085355,0.0,0.004574637085356474,0.0,2.0585866884104616,0.3424
W1_P2,3,0.99,13.312,0.0,13.312,0.0,0.0,0.0,20.0,20.0,1.5,1,1,1,0,0,0,280.0,320.0,3000.0,29.182574637085356,0.0,0.004574637085356474,0.0,2.0585866884104616,0.3424
W1_P2,4,1.1802000000000001,15.072000000000001,0.0,15.072000000000001,0.0,0.0,0.0,20.0,20.0,1.5,1,1,1,0,0,0,280.0,320.0,3000.0,27.61277463708535,0.0,0.004574637085356474,0.0,2.0585866884104616,0.3424
W1_P2,5,1.6301999999999999,18.724,0.0,18.724,0.0,0.0,0.0,20.0,20.0,1.5,1,1,1,0,0,0,280.0,320.0,3000.0,32.43701665758482,0.0,8.030816657584825,0.0,9.282204506859983,0.3424
W1_P2,6,2.5002,9.628,0.0,9.628,0.0,0.0,0.0,20.0,20.0,1.5,1,1,1,0,0,0,280.0,320.0,3000.0,44.66513344205321,0.0,10.292933442053211,0.0,18.527280195694154,0.3424
W1_P2,7,3.3701999999999996,22.804000000000002,3.2,22.804000000000002,3.2,0.0,0.0,14.0,15.875,1.125,1,1,1,0,0,0,196.0,254.0,2250.0,0.0,0.0,0.0,8.3662,9.194447857524986,0.6074
W1_P2,8,4.0098,17.852,10.88,17.852,10.88,0.0,0.0,8.0,15.809807692307691,0.9123923076923077,1,1,1,0,0,0,112.0,252.95692307692306,1824.7846153846153,0.0,0.0,0.0,0.0,9.176058961809936,0.6074
W1_P2,9,4.199999999999999,14.328000000000001,17.92,14.328000000000001,17.92,0.0,0.0,7.002898550724643,20.0,1.0451014492753625,1,1,1,0,0,0,98.040579710145,320.0,2090.202898550725,0.0,0.0,0.0,0.0,9.157706843886317,0.6074
W1_P2,10,4.1202,11.904,24.96,11.904,24.96,0.0,0.0,11.539903381642516,20.0,1.2038966183574877,1,1,1,0,0,0,161.55864734299522,320.0,2407.7932367149756,0.0,0.0,0.0,0.0,9.139391430198543,0.8024
W1_P2,11,3.9000000000000004,7.736,31.36,7.736,31.36,0.0,0.0,13.909178743961348,20.0,1.2868212560386474,1,1,1,0,0,0,194.72850241545888,320.0,2573.6425120772947,0.0,0.0,0.0,0.0,9.121112647338146,0.8024
W1_P2,12,3.2598000000000003,8.556000000000001,35.84,8.556000000000001,35.84,0.0,0.0,19.64850241545894,20.0,1.4876975845410625,1,1,1,0,0,0,275.0790338164251,320.0,2975.395169082125,0.0,0.0,0.0,0.0,9.10287042204347,0.8024
W1_P2,13,2.6898,14.52,37.12,14.52,37.12,0.0,0.0,19.795169082125604,20.0,1.4928309178743961,1,1,1,0,0,0,277.13236714975847,320.0,2985.6618357487923,0.0,0.0,7.662199999999999,0.0,15.980644681199383,0.8024
W1_P2,14,3.63,6.707999999999999,32.0,6.707999999999999,32.0,0.0,0.0,13.795169082125602,20.0,1.2828309178743962,1,1,1,0,0,0,193.13236714975844,320.0,2565.6618357487923,0.0,0.0,0.0,0.0,15.948683391836985,0.8024
W1_P2,15,3.8202000000000003,11.175999999999998,25.6,11.175999999999998,25.6,0.0,0.0,11.616022056313554,20.0,1.2065607719709743,1,1,1,0,0,0,162.62430878838975,320.0,2413.1215439419484,0.0,0.0,0.13321717171546688,0.0,16.03668147959723,0.6074
W1_P2,16,3.75,10.107999999999999,19.2,10.107999999999999,19.2,0.0,0.0,5.616022056313554,16.290815572102357,0.8481933948550686,1,1,1,0,0,0,78.62430878838975,260.6530491536377,1696.3867897101372,0.0,0.0,2.8029689767290202,0.0,18.527280195694154,0.6074
W1_P2,17,3.1398,6.3839999999999995,9.6,6.3839999999999995,9.6,0.0,0.0,4.0,8.329834871376717,0.4731933948550686,1,1,1,0,0,0,56.0,133.27735794202746,946.3867897101372,0.0,0.0,0.041171733768210726,0.0,18.527280195694154,0.6074
W1_P2,18,2.61,6.428000000000001,3.2,6.428000000000001,3.2,0.0,0.0,4.0,7.75,0.44999999999999996,1,1,1,0,0,0,56.0,124.0,899.9999999999999,0.0,0.0,0.0,5.182,12.732447857524985,0.8024
W1_P2,19,2.1198,5.736,0.0,5.736,0.0,0.0,0.0,4.0,7.75,0.44999999999999996,1,1,1,0,0,0,56.0,124.0,899.9999999999999,0.0,0.0,0.0,8.5838,3.1694274062543784,0.8024
W1_P2,20,1.8599999999999999,3.752,0.0,3.752,0.0,0.0,0.0,4.0,7.75,0.44999999999999996,1,1,1,0,0,0,56.0,124.0,899.9999999999999,9.313948323271733,0.0,0.0,0.9940516767282672,2.0585866884104616,0.8024
W1_P2,21,1.6301999999999999,3.6919999999999997,0.0,3.6919999999999997,0.0,0.0,0.0,4.0,10.337344888876906,0.5534937955550762,1,1,1,0,0,0,56.0,165.3975182220305,1106.9875911101524,12.833613321517339,0.0,0.004574637085356474,0.0,2.0585866884104616,0.6074
W1_P2,22,1.56,4.88,0.0,4.88,0.0,0.0,0.0,8.38553701585932,15.875,0.9284937955550762,1,1,1,0,0,0,117.39751822203048,254.0,1856.9875911101524,21.873605448499752,0.0,0.004574637085356474,0.0,2.0585866884104616,0.6074
W1_P2,23,1.4802,3.1919999999999997,0.0,3.1919999999999997,0.0,0.0,0.0,14.385537015859322,20.0,1.303493795555076,1,1,1,0,0,0,201.3975182220305,320.0,2606.987591110152,33.981805448499756,0.0,0.004574637085356474,0.0,2.0585866884104616,0.3424
W1_P3,0,1.3698000000000001,9.776,0.0,9.776,0.0,0.0,0.0,20.0,20.0,1.5,1,1,1,0,0,0,280.0,320.0,3000.0,33.09837463708536,0.0,0.004574637085356474,0.0,2.0585866884104616,0.3424
W1_P3,1,1.0997999999999999,10.904,0.0,10.904,0.0,0.0,0.0,20.0,20.0,1.5,1,1,1,0,0,0,280.0,320.0,3000.0,31.700374637085353,0.0,0.004574637085356474,0.0,2.0585866884104616,0.3424
W1_P3,2,0.7998000000000001,15.152000000000001,0.0,15.152000000000001,0.0,0.0,0.0,20.0,20.0,1.5,1,1,1,0,0,0,280.0,320.0,3000.0,27.152374637085355,0.0,0.004574637085356474,0.0,2.0585866884104616,0.3424
W1_P3,3,0.99,13.312,0.0,13.312,0.0,0.0,0.0,20.0,20.0,1.5,1,1,1,0,0,0,280.0,320.0,3000.0,29.182574637085356,0.0,0.004574637085356474,0.0,2.0585866884104616,0.3424
W1_P3,4,1.1802000000000001,15.072000000000001,0.0,15.072000000000001,0.0,0.0,0.0,20.0,20.0,1.5,1,1,1,0,0,0,280.0,320.0,3000.0,27.61277463708535,0.0,0.004574637085356474,0.0,2.0585866884104616,0.3424
W1_P3,5,1.6301999999999999,18.724,0.0,18.724,0.0,0.0,0.0,20.0,20.0,1.5,1,1,1,0,0,0,280.0,320.0,3000.0,32.43701665758482,0.0,8.030816657584825,0.0,9.282204506859983,0.3424
W1_P3,6,2.5002,9.628,0.0,9.628,0.0,0.0,0.0,20.0,20.0,1.5,1,1,1,0,0,0,280.0,320.0,3000.0,44.66513344205321,0.0,10.292933442053211,0.0,18.527280195694154,0.3424
W1_P3,7,3.3701999999999996,22.804000000000002,1.28,22.804000000000002,1.28,0.0,0.0,20.0,20.0,1.5,1,1,1,0,0,0,280.0,320.0,3000.0,20.786199999999997,0.0,0.0,0.0,18.490225635302764,0.6074
W1_P3,8,4.0098,17.852,3.2,17.852,3.2,0.0,0.0,16.0,20.0,1.36,1,1,1,0,0,0,224.0,320.0,2720.0,20.3178,0.0,0.0,0.0,18.45324518403216,0.6074
W1_P3,9,4.199999999999999,14.328000000000001,5.12,14.328000000000001,5.12,0.0,0.0,10.0,20.0,1.1500000000000001,1,1,1,0,0,0,140.0,320.0,2300.0,15.902,0.0,0.0,0.0,18.416338693664095,0.6074
W1_P3,10,4.1202,11.904,7.68,11.904,7.68,0.0,0.0,4.0,15.875000000000004,0.7750000000000001,1,1,1,0,0,0,56.0,254.00000000000006,1550.0000000000002,0.0,0.0,0.0,5.186200000000007,12.617061571832316,0.8024
W1_P3,11,3.9000000000000004,7.736,11.52,7.736,11.52,0.0,0.0,4.0,10.784615384615384,0.5713846153846154,1,1,1,0,0,0,56.0,172.55384615384614,1142.7692307692307,0.0,0.0,0.0,0.0,12.591827448688651,0.8024
W1_P3,12,3.2598000000000003,8.556000000000001,14.08,8.556000000000001,14.08,0.0,0.0,4.0,14.65019230769231,0.7260076923076924,1,1,1,0,0,0,56.0,234.40307692307695,1452.0153846153846,0.0,0.0,0.0,0.0,12.566643793791274,0.8024
W1_P3,13,2.6898,14.52,14.08,14.52,14.08,0.0,0.0,4.937391304347827,20.0,0.9728086956521739,1,1,1,0,0,0,69.12347826086958,320.0,1945.6173913043476,0.0,0.0,0.0,0.0,12.541510506203691,0.8024
W1_P3,14,3.63,6.707999999999999,11.52,6.707999999999999,11.52,0.0,0.0,4.0,11.445217391304347,0.5978086956521739,1,1,1,0,0,0,56.0,183.12347826086955,1195.6173913043476,0.0,0.0,0.0,1.4450260869565223,10.91084294412848,0.8024
W1_P3,15,3.8202000000000003,11.175999999999998,7.04,11.175999999999998,7.04,0.0,0.0,4.937391304347825,20.0,0.9728086956521739,1,1,1,0,0,0,69.12347826086955,320.0,1945.6173913043476,11.514400000000002,0.0,0.0,0.0,10.889021258240223,0.6074
W1_P3,16,3.75,10.107999999999999,5.12,10.107999999999999,5.12,0.0,0.0,10.220805980278255,20.0,1.1577282093097387,1,1,1,0,0,0,143.09128372389557,320.0,2315.4564186194775,19.900534189587997,0.0,0.0,0.0,10.867243215723743,0.6074
W1_P3,17,3.1398,6.3839999999999995,3.2,6.3839999999999995,3.2,0.0,0.0,4.220805980278255,20.0,0.9477282093097389,1,1,1,0,0,0,59.09128372389557,320.0,1895.4564186194777,27.259635818923392,0.0,8.535301629335398,0.0,18.527280195694154,0.6074
W1_P3,18,2.61,6.428000000000001,1.28,6.428000000000001,1.28,0.0,0.0,4.0,10.818205232743473,0.5727282093097389,1,1,1,0,0,0,56.0,173.09128372389557,1145.4564186194777,-1.7763568394002505e-15,0.0,0.0,10.292933442053211,7.053632921910307,0.8024
W1_P3,19,2.1198,5.736,0.0,5.736,0.0,0.0,0.0,4.0,7.75,0.44999999999999996,1,1,1,0,0,0,56.0,124.0,899.9999999999999,4.104667810912323,0.0,0.0,4.479132189087677,2.062712112635733,0.8024
W1_P3,20,1.8599999999999999,3.752,0.0,3.752,0.0,0.0,0.0,4.0,15.549974811849594,0.7619989924739838,1,1,1,0,0,0,56.0,248.7995969895935,1523.9979849479676,18.41997380432358,0.0,0.0,0.0,2.0585866884104616,0.8024
W1_P3,21,1.6301999999999999,3.6919999999999997,0.0,3.6919999999999997,0.0,0.0,0.0,9.628542642113828,20.0,1.1369989924739838,1,1,1,0,0,0,134.7995969895936,320.0,2273.997984947968,28.708316271673166,0.0,0.004574637085356474,0.0,2.0585866884104616,0.6074
W1_P3,22,1.56,4.88,0.0,4.88,0.0,0.0,0.0,15.628542642113828,20.0,1.346998992473984,1,1,1,0,0,0,218.7995969895936,320.0,2693.997984947968,33.66011627167317,0.0,0.004574637085356474,0.0,2.0585866884104616,0.6074
W1_P3,23,1.4802,3.1919999999999997,0.0,3.1919999999999997,0.0,0.0,0.0,20.0,20.0,1.5,1,1,1,0,0,0,280.0,320.0,3000.0,39.79277463708536,0.0,0.004574637085356474,0.0,2.0585866884104616,0.3424
W1_P4,0,1.3698000000000001,9.776,0.0,9.776,0.0,0.0,0.0,20.0,20.0,1.5,1,1,1,0,0,0,280.0,320.0,3000.0,33.09837463708536,0.0,0.004574637085356474,0.0,2.0585866884104616,0.3424
W1_P4,1,1.0997999999999999,10.904,0.0,10.904,0.0,0.0,0.0,20.0,20.0,1.5,1,1,1,0,0,0,280.0,320.0,3000.0,31.700374637085353,0.0,0.004574637085356474,0.0,2.0585866884104616,0.3424
W1_P4,2,0.7998000000000001,15.152000000000001,0.0,15.152000000000001,0.0,0.0,0.0,20.0,20.0,1.5,1,1,1,0,0,0,280.0,320.0,3000.0,27.152374637085355,0.0,0.004574637085356474,0.0,2.0585866884104616,0.3424
W1_P4,3,0.99,13.312,0.0,13.312,0.0,0.0,0.0,20.0,20.0,1.5,1,1,1,0,0,0,280.0,320.0,3000.0,29.182574637085356,0.0,0.004574637085356474,0.0,2.0585866884104616,0.3424
W1_P4,4,1.1802000000000001,15.072000000000001,0.0,15.072000000000001,0.0,0.0,0.0,20.0,20.0,1.5,1,1,1,0,0,0,280.0,320.0,3000.0,27.61277463708535,0.0,0.004574637085356474,0.0,2.0585866884104616,0.3424
W1_P4,5,1.6301999999999999,18.724,0.0,18.724,0.0,0.0,0.0,20.0,20.0,1.5,1,1,1,0,0,0,280.0,320.0,3000.0,32.43701665758482,0.0,8.030816657584825,0.0,9.282204506859983,0.3424
W1_P4,6,2.5002,9.628,0.0,9.628,0.0,0.0,0.0,20.0,20.0,1.5,1,1,1,0,0,0,280.0,320.0,3000.0,44.66513344205321,0.0,10.292933442053211,0.0,18.527280195694154,0.3424
W1_P4,7,3.3701999999999996,22.804000000000002,0.0,22.804000000000002,0.0,0.0,0.0,20.0,20.0,1.5,1,1,1,0,0,0,280.0,320.0,3000.0,22.0662,0.0,0.0,0.0,18.490225635302764,0.6074
W1_P4,8,4.0098,17.852,0.0,17.852,0.0,0.0,0.0,16.0,20.0,1.36,1,1,1,0,0,0,224.0,320.0,2720.0,23.5178,0.0,0.0,0.0,18.45324518403216,0.6074
W1_P4,9,4.199999999999999,14.328000000000001,0.0,14.328000000000001,0.0,0.0,0.0,10.0,20.0,1.1500000000000001,1,1,1,0,0,0,140.0,320.0,2300.0,21.145268335588952,0.0,0.12326833558895424,0.0,18.527280195694154,0.6074
W1_P4,10,4.1202,11.904,0.0,11.904,0.0,0.0,0.0,4.0,15.875000000000004,0.7750000000000001,1,1,1,0,0,0,56.0,254.00000000000006,1550.0000000000002,2.573266557946795,0.0,0.0,10.292933442053211,7.053632921910307,0.8024
W1_P4,11,3.9000000000000004,7.736,1.28,7.736,1.28,0.0,0.0,4.0,7.75,0.44999999999999996,1,1,1,0,0,0,56.0,124.0,899.9999999999999,2.61231591136361,0.0,0.0,4.47168408863639,2.070987779803829,0.8024
W1_P4,12,3.2598000000000003,8.556000000000001,5.12,8.556000000000001,5.12,0.0,0.0,4.0,7.75,0.44999999999999996,1,1,1,0,0,0,56.0,124.0,899.9999999999999,1.7837999999999994,0.0,0.0,0.0,2.0668458042442217,0.8024
W1_P4,13,2.6898,14.52,7.68,14.52,7.68,0.0,0.0,4.0,14.77903846153846,0.7311615384615383,1,1,1,0,0,0,56.0,236.46461538461537,1462.3230769230765,0.0,0.0,0.0,0.0,2.062712112635733,0.8024
W1_P4,14,3.63,6.707999999999999,5.12,6.707999999999999,5.12,0.0,0.0,4.0,14.069192307692312,0.7027676923076924,1,1,1,0,0,0,56.0,225.107076923077,1405.5353846153848,10.573960000000005,0.0,0.0,0.0,2.0585866884104616,0.8024
W1_P4,15,3.8202000000000003,11.175999999999998,1.28,11.175999999999998,1.28,0.0,0.0,7.9362197802197825,20.0,1.0777676923076924,1,1,1,0,0,0,111.10707692307696,320.0,2155.535384615385,20.382762109612834,0.0,0.004574637085356474,0.0,2.0585866884104616,0.6074
W1_P4,16,3.75,10.107999999999999,0.0,10.107999999999999,0.0,0.0,0.0,13.936219780219785,20.0,1.2877676923076924,1,1,1,0,0,0,195.107076923077,320.0,2575.535384615385,36.8968041301123,0.0,8.030816657584825,0.0,9.282204506859983,0.6074
W1_P4,17,3.1398,6.3839999999999995,0.0,6.3839999999999995,0.0,0.0,0.0,7.936219780219784,20.0,1.0777676923076924,1,1,1,0,0,0,111.10707692307697,320.0,2155.535384615385,36.06272091458069,0.0,10.292933442053211,0.0,18.527280195694154,0.6074
W1_P4,18,2.61,6.428000000000001,0.0,6.428000000000001,0.0,0.0,0.0,4.0,14.069192307692312,0.7027676923076924,1,1,1,0,0,0,56.0,225.107076923077,1405.5353846153848,4.661026557946792,0.0,0.0,10.292933442053211,7.053632921910307,0.8024
W1_P4,19,2.1198,5.736,0.0,5.736,0.0,0.0,0.0,4.0,7.75,0.44999999999999996,1,1,1,0,0,0,56.0,124.0,899.9999999999999,4.104667810912323,0.0,0.0,4.479132189087677,2.062712112635733,0.8024
W1_P4,20,1.8599999999999999,3.752,0.0,3.752,0.0,0.0,0.0,4.0,15.875000000000004,0.7750000000000001,1,1,1,0,0,0,56.0,254.00000000000006,1550.0000000000002,18.758000000000006,0.0,0.0,0.0,2.0585866884104616,0.8024
W1_P4,21,1.6301999999999999,3.6919999999999997,0.0,3.6919999999999997,0.0,0.0,0.0,10.0,20.0,1.1500000000000001,1,1,1,0,0,0,140.0,320.0,2300.0,29.092774637085355,0.0,0.004574637085356474,0.0,2.0585866884104616,0.6074
W1_P4,22,1.56,4.88,0.0,4.88,0.0,0.0,0.0,16.0,20.0,1.36,1,1,1,0,0,0,224.0,320.0,2720.0,34.044574637085354,0.0,0.004574637085356474,0.0,2.0585866884104616,0.6074
W1_P4,23,1.4802,3.1919999999999997,0.0,3.1919999999999997,0.0,0.0,0.0,20.0,20.0,1.5,1,1,1,0,0,0,280.0,320.0,3000.0,39.79277463708536,0.0,0.004574637085356474,0.0,2.0585866884104616,0.3424
W2_P1,0,1.3698000000000001,5.312,0.0,5.312,0.0,0.0,0.0,14.0,17.75,1.2,1,1,1,0,0,0,196.0,284.0,2400.0,29.012374637085358,0.0,0.004574637085356474,0.0,2.0585866884104616,0.3424
W2_P1,1,1.0997999999999999,8.5,0.0,8.5,0.0,0.0,0.0,20.0,20.0,1.5,1,1,1,0,0,0,280.0,320.0,3000.0,34.10437463708536,0.0,0.004574637085356474,0.0,2.0585866884104616,0.3424
W2_P1,2,0.7998000000000001,9.379999999999999,0.0,9.379999999999999,0.0,0.0,0.0,20.0,20.0,1.5,1,1,1,0,0,0,280.0,320.0,3000.0,32.92437463708536,0.0,0.004574637085356474,0.0,2.0585866884104616,0.3424
W2_P1,3,0.99,10.304,0.0,10.304,0.0,0.0,0.0,20.0,20.0,1.5,1,1,1,0,0,0,280.0,320.0,3000.0,32.190574637085355,0.0,0.004574637085356474,0.0,2.0585866884104616,0.3424
W2_P1,4,1.1802000000000001,9.9,0.0,9.9,0.0,0.0,0.0,20.0,20.0,1.5,1,1,1,0,0,0,280.0,320.0,3000.0,32.784774637085356,0.0,0.004574637085356474,0.0,2.0585866884104616,0.3424
W2_P1,5,1.6301999999999999,9.62,0.0,9.62,0.0,0.0,0.0,20.0,20.0,1.5,1,1,1,0,0,0,280.0,320.0,3000.0,41.54101665758482,0.0,8.030816657584825,0.0,9.282204506859983,0.3424
W2_P1,6,2.5002,9.14,14.08,9.14,14.08,0.0,0.0,18.9080193236715,20.0,1.4617806763285024,1,1,1,0,0,0,264.712270531401,320.0,2923.5613526570046,29.942933442053214,0.0,10.292933442053211,0.0,18.527280195694154,0.3424
W2_P1,7,3.3701999999999996,7.640000000000001,25.6,7.640000000000001,25.6,0.0,0.0,12.908019323671496,15.875000000000004,1.0867806763285024,1,1,1,0,0,0,180.71227053140095,254.00000000000006,2173.5613526570046,0.0,0.0,0.0,0.0,18.490225635302764,0.6074
W2_P1,8,4.0098,4.748,37.12,4.748,37.12,0.0,0.0,16.481352657004823,20.0,1.3768473429951689,1,1,1,0,0,0,230.73893719806753,320.0,2753.694685990338,0.0,0.0,0.0,0.0,18.45324518403216,0.6074
W2_P1,9,4.199999999999999,4.859999999999999,46.08,4.859999999999999,46.08,0.0,0.0,20.0,20.0,1.5,1,1,1,0,0,0,280.0,320.0,3000.0,0.0,5.239999999999998,0.0,0.0,18.416338693664095,0.6074
W2_P1,10,4.1202,5.335999999999999,52.48,5.335999999999999,52.48,0.0,0.0,20.0,20.0,1.5,1,1,1,0,0,0,280.0,320.0,3000.0,0.0,12.195799999999998,0.0,0.0,18.379506016276768,0.8024
W2_P1,11,3.9000000000000004,4.292,55.04,4.292,55.04,0.0,0.0,20.0,20.0,1.5,1,1,1,0,0,0,280.0,320.0,3000.0,0.0,13.932000000000004,0.0,0.0,18.342747004244213,0.8024
W2_P1,12,3.2598000000000003,4.168,56.32,4.168,56.32,0.0,0.0,14.0,20.0,1.29,1,1,1,0,0,0,196.0,320.0,2580.0,0.0,21.938200000000005,0.0,0.0,18.306061510235725,0.8024
W2_P1,13,2.6898,6.787999999999999,56.32,6.787999999999999,56.32,0.0,0.0,8.0,20.0,1.08,1,1,1,0,0,0,112.0,320.0,2160.0,0.0,31.338199999999993,0.0,0.0,18.269449387215253,0.8024
W2_P1,14,3.63,8.364,52.48,8.364,52.48,0.0,0.0,11.998745813505469,20.0,1.2199561034726916,1,1,1,0,0,0,167.98244138907657,320.0,2439.912206945383,0.0,23.995298083021837,0.0,0.0,18.232910488440822,0.8024
W2_P1,15,3.8202000000000003,8.404,44.8,8.404,44.8,0.0,0.0,5.99874581350547,20.0,1.0099561034726914,1,1,1,0,0,0,83.98244138907657,320.0,2019.9122069453829,0.0,22.375098083021836,0.0,0.0,18.19644466746394,0.6074
W2_P1,16,3.75,5.896,33.28,5.896,33.28,0.0,0.0,10.0,20.0,1.1500000000000001,1,1,1,0,0,0,140.0,320.0,2300.0,0.0,4.276000000000002,0.0,0.0,18.160051778129013,0.6074
W2_P1,17,3.1398,6.6080000000000005,24.32,6.6080000000000005,24.32,0.0,0.0,4.0,19.933488717530565,0.9373395487012226,1,1,1,0,0,0,56.0,318.93581948048904,1874.6790974024452,0.0,2.468984488077769,0.4483872456904415,0.0,18.527280195694154,0.6074
W2_P1,18,2.61,6.252,11.52,6.252,11.52,0.0,0.0,4.0,10.558488717530565,0.5623395487012225,1,1,1,0,0,0,56.0,168.93581948048904,1124.679097402445,0.0,0.0,0.041171733768210726,0.0,18.527280195694154,0.8024
W2_P1,19,2.1198,4.312,0.0,4.312,0.0,0.0,0.0,4.0,7.75,0.44999999999999996,1,1,1,0,0,0,56.0,124.0,899.9999999999999,0.0,0.0,0.0,10.0078,7.3704478575249865,0.8024
W2_P1,20,1.8599999999999999,2.3280000000000003,0.0,2.3280000000000003,0.0,0.0,0.0,4.0,7.75,0.44999999999999996,1,1,1,0,0,0,56.0,124.0,899.9999999999999,6.964591753940472,0.0,0.0,4.767408246059527,2.0585866884104616,0.8024
W2_P1,21,1.6301999999999999,1.492,0.0,1.492,0.0,0.0,0.0,4.0,7.75,0.44999999999999996,1,1,1,0,0,0,56.0,124.0,899.9999999999999,12.342774637085357,0.0,0.004574637085356474,0.0,2.0585866884104616,0.6074
W2_P1,22,1.56,2.124,0.0,2.124,0.0,0.0,0.0,4.0,7.75,0.44999999999999996,1,1,1,0,0,0,56.0,124.0,899.9999999999999,11.640574637085356,0.0,0.004574637085356474,0.0,2.0585866884104616,0.6074
W2_P1,23,1.4802,3.6959999999999997,0.0,3.6959999999999997,0.0,0.0,0.0,8.0,13.625,0.825,1,1,1,0,0,0,112.0,218.0,1649.9999999999998,20.238774637085356,0.0,0.004574637085356474,0.0,2.0585866884104616,0.3424
W2_P2,0,1.3698000000000001,5.312,0.0,5.312,0.0,0.0,0.0,20.0,20.0,1.5,1,1,1,0,0,0,280.0,320.0,3000.0,37.562374637085355,0.0,0.004574637085356474,0.0,2.0585866884104616,0.3424
W2_P2,1,1.0997999999999999,8.5,0.0,8.5,0.0,0.0,0.0,20.0,20.0,1.5,1,1,1,0,0,0,280.0,320.0,3000.0,34.10437463708536,0.0,0.004574637085356474,0.0,2.0585866884104616,0.3424
W2_P2,2,0.7998000000000001,9.379999999999999,0.0,9.379999999999999,0.0,0.0,0.0,20.0,20.0,1.5,1,1,1,0,0,0,280.0,320.0,3000.0,32.92437463708536,0.0,0.004574637085356474,0.0,2.0585866884104616,0.3424
W2_P2,3,0.99,10.304,0.0,10.304,0.0,0.0,0.0,20.0,20.0,1.5,1,1,1,0,0,0,280.0,320.0,3000.0,32.190574637085355,0.0,0.004574637085356474,0.0,2.0585866884104616,0.3424
W2_P2,4,1.1802000000000001,9.9,0.0,9.9,0.0,0.0,0.0,20.0,20.0,1.5,1,1,1,0,0,0,280.0,320.0,3000.0,32.784774637085356,0.0,0.004574637085356474,0.0,2.0585866884104616,0.3424
W2_P2,5,1.6301999999999999,9.62,0.0,9.62,0.0,0.0,0.0,20.0,20.0,1.5,1,1,1,0,0,0,280.0,320.0,3000.0,41.54101665758482,0.0,8.030816657584825,0.0,9.282204506859983,0.3424
W2_P2,6,2.5002,9.14,0.0,9.14,0.0,0.0,0.0,20.0,20.0,1.5,1,1,1,0,0,0,280.0,320.0,3000.0,45.15313344205321,0.0,10.292933442053211,0.0,18.527280195694154,0.3424
W2_P2,7,3.3701999999999996,7.640000000000001,3.2,7.640000000000001,3.2,0.0,0.0,14.0,20.0,1.29,1,1,1,0,0,0,196.0,320.0,2580.0,27.8202,0.0,0.0,0.0,18.490225635302764,0.6074
W2_P2,8,4.0098,4.748,10.88,4.748,10.88,0.0,0.0,8.0,16.305738134104367,0.9322295253641746,1,1,1,0,0,0,112.0,260.89181014566987,1864.4590507283492,13.61976765946854,0.0,0.0,0.0,18.45324518403216,0.6074
W2_P2,9,4.199999999999999,4.859999999999999,17.92,4.859999999999999,17.92,0.0,0.0,4.0,13.884615384615387,0.6953846153846155,1,1,1,0,0,0,56.0,222.1538461538462,1390.769230769231,1.7763568394002505e-15,0.0,0.0,0.0,18.416338693664095,0.6074
W2_P2,10,4.1202,5.335999999999999,24.96,5.335999999999999,24.96,0.0,0.0,5.194009661835748,20.0,0.9817903381642511,1,1,1,0,0,0,72.71613526570047,320.0,1963.5806763285022,0.0,0.0,0.0,0.0,18.379506016276768,0.8024
W2_P2,11,3.9000000000000004,4.292,31.36,4.292,31.36,0.0,0.0,10.581642512077295,20.0,1.1703574879227054,1,1,1,0,0,0,148.14299516908213,320.0,2340.7149758454107,0.0,0.0,0.0,0.0,18.342747004244213,0.8024
W2_P2,12,3.2598000000000003,4.168,35.84,4.168,35.84,0.0,0.0,15.408888888888892,20.0,1.339311111111111,1,1,1,0,0,0,215.7244444444445,320.0,2678.622222222222,0.0,0.0,0.0,0.0,18.306061510235725,0.8024
W2_P2,13,2.6898,6.787999999999999,37.12,6.787999999999999,37.12,0.0,0.0,19.727729468599026,20.0,1.4904705314009656,1,1,1,0,0,0,276.1882125603864,320.0,2980.9410628019314,0.0,0.0,0.0,0.0,18.269449387215253,0.8024
W2_P2,14,3.63,8.364,32.0,8.364,32.0,0.0,0.0,15.079152219803191,20.0,1.3277703276931119,1,1,1,0,0,0,211.10813107724468,320.0,2655.5406553862235,0.0,0.0,0.32707745250370124,0.0,18.527280195694154,0.8024
W2_P2,15,3.8202000000000003,8.404,25.6,8.404,25.6,0.0,0.0,9.079152219803191,19.987382165868944,1.1172656143278694,1,1,1,0,0,0,127.10813107724468,319.7981146539031,2234.5312286557387,0.0,0.0,0.0,0.0,18.490225635302764,0.6074
W2_P2,16,3.75,5.896,19.2,5.896,19.2,0.0,0.0,4.0,16.54423076923077,0.8017692307692307,1,1,1,0,0,0,56.0,264.7076923076923,1603.5384615384614,0.0,0.0,0.0,0.0,18.45324518403216,0.6074
W2_P2,17,3.1398,6.6080000000000005,9.6,6.6080000000000005,9.6,0.0,0.0,4.0,8.466280446549082,0.47865121786196324,1,1,1,0,0,0,56.0,135.4604871447853,957.3024357239265,1.7763568394002505e-15,0.0,0.12326833558895424,0.0,18.527280195694154,0.6074
W2_P2,18,2.61,6.252,3.2,6.252,3.2,0.0,0.0,4.0,7.75,0.44999999999999996,1,1,1,0,0,0,56.0,124.0,899.9999999999999,0.0,0.0,0.0,5.3580000000000005,12.53689230196943,0.8024
W2_P2,19,2.1198,4.312,0.0,4.312,0.0,0.0,0.0,4.0,7.75,0.44999999999999996,1,1,1,0,0,0,56.0,124.0,899.9999999999999,0.6036042357432159,0.0,0.0,9.404195764256784,2.062712112635733,0.8024
W2_P2,20,1.8599999999999999,2.3280000000000003,0.0,2.3280000000000003,0.0,0.0,0.0,4.0,7.75,0.44999999999999996,1,1,1,0,0,0,56.0,124.0,899.9999999999999,11.732,0.0,0.0,0.0,2.0585866884104616,0.8024
W2_P2,21,1.6301999999999999,1.492,0.0,1.492,0.0,0.0,0.0,8.0,13.625,0.825,1,1,1,0,0,0,112.0,218.0,1649.9999999999998,22.592774637085355,0.0,0.004574637085356474,0.0,2.0585866884104616,0.6074
W2_P2,22,1.56,2.124,0.0,2.124,0.0,0.0,0.0,14.0,17.75,1.2,1,1,1,0,0,0,196.0,284.0,2400.0,32.39057463708535,0.0,0.004574637085356474,0.0,2.0585866884104616,0.6074
W2_P2,23,1.4802,3.6959999999999997,0.0,3.6959999999999997,0.0,0.0,0.0,20.0,20.0,1.5,1,1,1,0,0,0,280.0,320.0,3000.0,39.28877463708535,0.0,0.004574637085356474,0.0,2.0585866884104616,0.3424
W2_P3,0,1.3698000000000001,5.312,0.0,5.312,0.0,0.0,0.0,20.0,20.0,1.5,1,1,1,0,0,0,280.0,320.0,3000.0,37.562374637085355,0.0,0.004574637085356474,0.0,2.0585866884104616,0.3424
W2_P3,1,1.0997999999999999,8.5,0.0,8.5,0.0,0.0,0.0,20.0,20.0,1.5,1,1,1,0,0,0,280.0,320.0,3000.0,34.10437463708536,0.0,0.004574637085356474,0.0,2.0585866884104616,0.3424
W2_P3,2,0.7998000000000001,9.379999999999999,0.0,9.379999999999999,0.0,0.0,0.0,20.0,20.0,1.5,1,1,1,0,0,0,280.0,320.0,3000.0,32.92437463708536,0.0,0.004574637085356474,0.0,2.0585866884104616,0.3424
W2_P3,3,0.99,10.304,0.0,10.304,0.0,0.0,0.0,20.0,20.0,1.5,1,1,1,0,0,0,280.0,320.0,3000.0,32.190574637085355,0.0,0.004574637085356474,0.0,2.0585866884104616,0.3424
W2_P3,4,1.1802000000000001,9.9,0.0,9.9,0.0,0.0,0.0,20.0,20.0,1.5,1,1,1,0,0,0,280.0,320.0,3000.0,32.784774637085356,0.0,0.004574637085356474,0.0,2.0585866884104616,0.3424
W2_P3,5,1.6301999999999999,9.62,0.0,9.62,0.0,0.0,0.0,20.0,20.0,1.5,1,1,1,0,0,0,280.0,320.0,3000.0,41.541016657584834,0.0,8.030816657584825,0.0,9.282204506859983,0.3424
W2_P3,6,2.5002,9.14,0.0,9.14,0.0,0.0,0.0,20.0,20.0,1.5,1,1,1,0,0,0,280.0,320.0,3000.0,45.15313344205321,0.0,10.292933442053211,0.0,18.527280195694154,0.3424
W2_P3,7,3.3701999999999996,7.640000000000001,1.28,7.640000000000001,1.28,0.0,0.0,20.0,20.0,1.5,1,1,1,0,0,0,280.0,320.0,3000.0,35.950199999999995,0.0,0.0,0.0,18.490225635302764,0.6074
W2_P3,8,4.0098,4.748,3.2,4.748,3.2,0.0,0.0,16.0,20.0,1.36,1,1,1,0,0,0,224.0,320.0,2720.0,33.421800000000005,0.0,0.0,0.0,18.45324518403216,0.6074
W2_P3,9,4.199999999999999,4.859999999999999,5.12,4.859999999999999,5.12,0.0,0.0,10.0,20.0,1.1500000000000001,1,1,1,0,0,0,140.0,320.0,2300.0,25.369999999999997,0.0,0.0,0.0,18.416338693664095,0.6074
W2_P3,10,4.1202,5.335999999999999,7.68,5.335999999999999,7.68,0.0,0.0,4.0,15.875000000000004,0.7750000000000001,1,1,1,0,0,0,56.0,254.00000000000006,1550.0000000000002,1.4612665579467965,0.0,0.0,10.292933442053211,6.94291330288431,0.8024
W2_P3,11,3.9000000000000004,4.292,11.52,4.292,11.52,0.0,0.0,4.0,7.75,0.44999999999999996,1,1,1,0,0,0,56.0,124.0,899.9999999999999,0.0,0.0,0.0,0.28800000000000026,6.609027476278541,0.8024
W2_P3,12,3.2598000000000003,4.168,14.08,4.168,14.08,0.0,0.0,4.0,10.430961538461538,0.5572384615384615,1,1,1,0,0,0,56.0,166.89538461538461,1114.476923076923,0.0,0.0,0.0,0.0,6.595809421325984,0.8024
W2_P3,13,2.6898,6.787999999999999,14.08,6.787999999999999,14.08,0.0,0.0,4.0,13.498269230769228,0.6799307692307691,1,1,1,0,0,0,56.0,215.97230769230765,1359.8615384615382,0.0,0.0,0.0,0.0,6.582617802483332,0.8024
W2_P3,14,3.63,8.364,11.52,8.364,11.52,0.0,0.0,4.0,13.789153846153848,0.6915661538461539,1,1,1,0,0,0,56.0,220.62646153846157,1383.132307692308,0.0,0.0,0.0,2.226720000000002,4.09531923354503,0.8024
W2_P3,15,3.8202000000000003,8.404,7.04,8.404,7.04,0.0,0.0,7.616175824175827,20.0,1.066566153846154,1,1,1,0,0,0,106.62646153846158,320.0,2133.1323076923077,17.058941978021984,0.0,0.0,0.0,4.087128595077941,0.6074
W2_P3,16,3.75,5.896,5.12,5.896,5.12,0.0,0.0,13.616175824175826,20.0,1.276566153846154,1,1,1,0,0,0,190.62646153846157,320.0,2553.1323076923077,33.40813105465776,0.0,5.781389076635776,0.0,9.282204506859983,0.6074
W2_P3,17,3.1398,6.6080000000000005,3.2,6.6080000000000005,3.2,0.0,0.0,7.616175824175826,20.0,1.066566153846154,1,1,1,0,0,0,106.62646153846157,320.0,2133.1323076923077,32.30747542007519,0.0,10.292933442053211,0.0,18.527280195694154,0.6074
W2_P3,18,2.61,6.252,1.28,6.252,1.28,0.0,0.0,4.0,13.789153846153848,0.6915661538461539,1,1,1,0,0,0,56.0,220.62646153846157,1383.132307692308,3.2657865579467913,0.0,0.0,10.292933442053211,7.053632921910307,0.8024
W2_P3,19,2.1198,4.312,0.0,4.312,0.0,0.0,0.0,4.0,7.75,0.44999999999999996,1,1,1,0,0,0,56.0,124.0,899.9999999999999,5.528667810912323,0.0,0.0,4.479132189087677,2.062712112635733,0.8024
W2_P3,20,1.8599999999999999,2.3280000000000003,0.0,2.3280000000000003,0.0,0.0,0.0,4.0,15.875000000000004,0.7750000000000001,1,1,1,0,0,0,56.0,254.00000000000006,1550.0000000000002,20.182000000000006,0.0,0.0,0.0,2.0585866884104616,0.8024
W2_P3,21,1.6301999999999999,1.492,0.0,1.492,0.0,0.0,0.0,10.0,20.0,1.1500000000000001,1,1,1,0,0,0,140.0,320.0,2300.0,31.29277463708535,0.0,0.004574637085356474,0.0,2.0585866884104616,0.6074
W2_P3,22,1.56,2.124,0.0,2.124,0.0,0.0,0.0,16.0,20.0,1.36,1,1,1,0,0,0,224.0,320.0,2720.0,36.800574637085354,0.0,0.004574637085356474,0.0,2.0585866884104616,0.6074
W2_P3,23,1.4802,3.6959999999999997,0.0,3.6959999999999997,0.0,0.0,0.0,20.0,20.0,1.5,1,1,1,0,0,0,280.0,320.0,3000.0,39.28877463708535,0.0,0.004574637085356474,0.0,2.0585866884104616,0.3424
W2_P4,0,1.3698000000000001,5.312,0.0,5.312,0.0,0.0,0.0,20.0,20.0,1.5,1,1,1,0,0,0,280.0,320.0,3000.0,37.562374637085355,0.0,0.004574637085356474,0.0,2.0585866884104616,0.3424
W2_P4,1,1.0997999999999999,8.5,0.0,8.5,0.0,0.0,0.0,20.0,20.0,1.5,1,1,1,0,0,0,280.0,320.0,3000.0,34.10437463708536,0.0,0.004574637085356474,0.0,2.0585866884104616,0.3424
W2_P4,2,0.7998000000000001,9.379999999999999,0.0,9.379999999999999,0.0,0.0,0.0,20.0,20.0,1.5,1,1,1,0,0,0,280.0,320.0,3000.0,32.92437463708536,0.0,0.004574637085356474,0.0,2.0585866884104616,0.3424
W2_P4,3,0.99,10.304,0.0,10.304,0.0,0.0,0.0,20.0,20.0,1.5,1,1,1,0,0,0,280.0,320.0,3000.0,32.190574637085355,0.0,0.004574637085356474,0.0,2.0585866884104616,0.3424
W2_P4,4,1.1802000000000001,9.9,0.0,9.9,0.0,0.0,0.0,20.0,20.0,1.5,1,1,1,0,0,0,280.0,320.0,3000.0,32.784774637085356,0.0,0.004574637085356474,0.0,2.0585866884104616,0.3424
W2_P4,5,1.6301999999999999,9.62,0.0,9.62,0.0,0.0,0.0,20.0,20.0,1.5,1,1,1,0,0,0,280.0,320.0,3000.0,41.541016657584834,0.0,8.030816657584825,0.0,9.282204506859983,0.3424
W2_P4,6,2.5002,9.14,0.0,9.14,0.0,0.0,0.0,20.0,20.0,1.5,1,1,1,0,0,0,280.0,320.0,3000.0,45.15313344205321,0.0,10.292933442053211,0.0,18.527280195694154,0.3424
W2_P4,7,3.3701999999999996,7.640000000000001,0.0,7.640000000000001,0.0,0.0,0.0,20.0,20.0,1.5,1,1,1,0,0,0,280.0,320.0,3000.0,37.230199999999996,0.0,0.0,0.0,18.490225635302764,0.6074
W2_P4,8,4.0098,4.748,0.0,4.748,0.0,0.0,0.0,16.0,20.0,1.36,1,1,1,0,0,0,224.0,320.0,2720.0,36.62179999999999,0.0,0.0,0.0,18.45324518403216,0.6074
W2_P4,9,4.199999999999999,4.859999999999999,0.0,4.859999999999999,0.0,0.0,0.0,10.0,20.0,1.1500000000000001,1,1,1,0,0,0,140.0,320.0,2300.0,30.613268335588955,0.0,0.12326833558895424,0.0,18.527280195694154,0.6074
W2_P4,10,4.1202,5.335999999999999,0.0,5.335999999999999,0.0,0.0,0.0,4.0,15.875000000000004,0.7750000000000001,1,1,1,0,0,0,56.0,254.00000000000006,1550.0000000000002,9.141266557946793,0.0,0.0,10.292933442053211,7.053632921910307,0.8024
W2_P4,11,3.9000000000000004,4.292,1.28,4.292,1.28,0.0,0.0,4.0,7.75,0.44999999999999996,1,1,1,0,0,0,56.0,124.0,899.9999999999999,6.05631591136361,0.0,0.0,4.47168408863639,2.070987779803829,0.8024
W2_P4,12,3.2598000000000003,4.168,5.12,4.168,5.12,0.0,0.0,4.0,7.75,0.44999999999999996,1,1,1,0,0,0,56.0,124.0,899.9999999999999,6.1718,0.0,0.0,0.0,2.0668458042442217,0.8024
W2_P4,13,2.6898,6.787999999999999,7.68,6.787999999999999,7.68,0.0,0.0,4.0,7.75,0.44999999999999996,1,1,1,0,0,0,56.0,124.0,899.9999999999999,0.42180000000000106,0.0,0.0,0.0,2.062712112635733,0.8024
W2_P4,14,3.63,8.364,5.12,8.364,5.12,0.0,0.0,4.0,15.475000000000005,0.7590000000000001,1,1,1,0,0,0,56.0,247.60000000000008,1518.0000000000002,10.380000000000003,0.0,0.0,0.0,2.0585866884104616,0.8024
W2_P4,15,3.8202000000000003,8.404,1.28,8.404,1.28,0.0,0.0,9.542857142857143,20.0,1.1340000000000001,1,1,1,0,0,0,133.6,320.0,2268.0,24.8176317799425,0.0,0.004574637085356474,0.0,2.0585866884104616,0.6074
W2_P4,16,3.75,5.896,0.0,5.896,0.0,0.0,0.0,15.542857142857144,20.0,1.344,1,1,1,0,0,0,217.60000000000002,320.0,2688.0,42.771673800441974,0.0,8.030816657584825,0.0,9.282204506859983,0.6074
W2_P4,17,3.1398,6.6080000000000005,0.0,6.6080000000000005,0.0,0.0,0.0,9.542857142857144,20.0,1.1340000000000001,1,1,1,0,0,0,133.60000000000002,320.0,2268.0,37.50159058491036,0.0,10.292933442053211,0.0,18.527280195694154,0.6074
W2_P4,18,2.61,6.252,0.0,6.252,0.0,0.0,0.0,4.0,15.475000000000005,0.7590000000000001,1,1,1,0,0,0,56.0,247.60000000000008,1518.0000000000002,6.299066557946793,0.0,0.0,10.292933442053211,7.053632921910307,0.8024
W2_P4,19,2.1198,4.312,0.0,4.312,0.0,0.0,0.0,4.0,7.75,0.44999999999999996,1,1,1,0,0,0,56.0,124.0,899.9999999999999,5.528667810912323,0.0,0.0,4.479132189087677,2.062712112635733,0.8024
W2_P4,20,1.8599999999999999,2.3280000000000003,0.0,2.3280000000000003,0.0,0.0,0.0,4.0,15.875000000000004,0.7750000000000001,1,1,1,0,0,0,56.0,254.00000000000006,1550.0000000000002,20.182000000000006,0.0,0.0,0.0,2.0585866884104616,0.8024
W2_P4,21,1.6301999999999999,1.492,0.0,1.492,0.0,0.0,0.0,10.0,20.0,1.1500000000000001,1,1,1,0,0,0,140.0,320.0,2300.0,31.29277463708535,0.0,0.004574637085356474,0.0,2.0585866884104616,0.6074
W2_P4,22,1.56,2.124,0.0,2.124,0.0,0.0,0.0,16.0,20.0,1.36,1,1,1,0,0,0,224.0,320.0,2720.0,36.800574637085354,0.0,0.004574637085356474,0.0,2.0585866884104616,0.6074
W2_P4,23,1.4802,3.6959999999999997,0.0,3.6959999999999997,0.0,0.0,0.0,20.0,20.0,1.5,1,1,1,0,0,0,280.0,320.0,3000.0,39.28877463708535,0.0,0.004574637085356474,0.0,2.0585866884104616,0.3424
W3_P1,0,1.3698000000000001,11.904,0.0,11.904,0.0,0.0,0.0,14.0,17.75,1.2,1,1,1,0,0,0,196.0,284.0,2400.0,22.420374637085356,0.0,0.004574637085356474,0.0,2.0585866884104616,0.3424
W3_P1,1,1.0997999999999999,13.384,0.0,13.384,0.0,0.0,0.0,20.0,20.0,1.5,1,1,1,0,0,0,280.0,320.0,3000.0,29.220374637085357,0.0,0.004574637085356474,0.0,2.0585866884104616,0.3424
W3_P1,2,0.7998000000000001,14.268,0.0,14.268,0.0,0.0,0.0,20.0,20.0,1.5,1,1,1,0,0,0,280.0,320.0,3000.0,28.036374637085355,0.0,0.004574637085356474,0.0,2.0585866884104616,0.3424
W3_P1,3,0.99,15.72,0.0,15.72,0.0,0.0,0.0,20.0,20.0,1.5,1,1,1,0,0,0,280.0,320.0,3000.0,26.774574637085355,0.0,0.004574637085356474,0.0,2.0585866884104616,0.3424
W3_P1,4,1.1802000000000001,15.088,0.0,15.088,0.0,0.0,0.0,20.0,20.0,1.5,1,1,1,0,0,0,280.0,320.0,3000.0,27.596774637085353,0.0,0.004574637085356474,0.0,2.0585866884104616,0.3424
W3_P1,5,1.6301999999999999,13.475999999999999,0.0,13.475999999999999,0.0,0.0,0.0,20.0,20.0,1.5,1,1,1,0,0,0,280.0,320.0,3000.0,37.685016657584825,0.0,8.030816657584825,0.0,9.282204506859983,0.3424
W3_P1,6,2.5002,13.832,14.08,13.832,14.08,0.0,0.0,20.0,20.0,1.5,1,1,1,0,0,0,280.0,320.0,3000.0,26.381133442053212,0.0,10.292933442053211,0.0,18.527280195694154,0.3424
W3_P1,7,3.3701999999999996,12.76,25.6,12.76,25.6,0.0,0.0,14.0,19.711346153846158,1.2784538461538462,1,1,1,0,0,0,196.0,315.3815384615385,2556.9076923076923,0.0,0.0,0.0,0.0,18.490225635302764,0.6074
W3_P1,8,4.0098,10.712,37.12,10.712,37.12,0.0,0.0,12.675478974597912,20.0,1.243641764110927,1,1,1,0,0,0,177.45670564437077,320.0,2487.283528221854,0.0,9.903079261291152,0.0,0.0,18.45324518403216,0.6074
W3_P1,9,4.199999999999999,11.916,46.08,11.916,46.08,0.0,0.0,18.675478974597915,20.0,1.453641764110927,1,1,1,0,0,0,261.4567056443708,320.0,2907.283528221854,0.0,13.666879261291154,0.0,0.0,18.416338693664095,0.6074
W3_P1,10,4.1202,8.804,52.48,8.804,52.48,0.0,0.0,16.0,20.0,1.36,1,1,1,0,0,0,224.0,320.0,2720.0,0.0,19.8038,0.0,0.0,18.379506016276768,0.8024
W3_P1,11,3.9000000000000004,9.3,55.04,9.3,55.04,0.0,0.0,10.0,20.0,1.1500000000000001,1,1,1,0,0,0,140.0,320.0,2300.0,0.0,29.290000000000006,0.0,0.0,18.342747004244213,0.8024
W3_P1,12,3.2598000000000003,9.012,56.32,9.012,56.32,0.0,0.0,4.0,20.0,0.9400000000000001,1,1,1,0,0,0,56.0,320.0,1880.0,0.0,37.1322,0.0,0.0,18.306061510235725,0.8024
W3_P1,13,2.6898,10.704,56.32,10.704,56.32,0.0,0.0,4.0,20.0,0.9400000000000001,1,1,1,0,0,0,56.0,320.0,1880.0,0.0,39.394200000000005,0.0,0.0,18.269449387215253,0.8024
W3_P1,14,3.63,10.604,52.48,10.604,52.48,0.0,0.0,10.0,20.0,1.1500000000000001,1,1,1,0,0,0,140.0,320.0,2300.0,0.0,28.303999999999988,0.0,0.0,18.232910488440822,0.8024
W3_P1,15,3.8202000000000003,14.552,44.8,14.552,44.8,0.0,0.0,16.0,20.0,1.36,1,1,1,0,0,0,224.0,320.0,2720.0,0.0,18.171799999999994,0.0,0.0,18.19644466746394,0.6074
W3_P1,16,3.75,13.724,33.28,13.724,33.28,0.0,0.0,16.0,20.0,1.36,1,1,1,0,0,0,224.0,320.0,2720.0,0.0,5.8940000000000055,0.0,0.0,18.160051778129013,0.6074
W3_P1,17,3.1398,12.347999999999999,24.32,12.347999999999999,24.32,0.0,0.0,10.0,20.0,1.1500000000000001,1,1,1,0,0,0,140.0,320.0,2300.0,0.0,1.9298127543095562,0.4483872456904415,0.0,18.527280195694154,0.6074
W3_P1,18,2.61,12.152000000000001,11.52,12.152000000000001,11.52,0.0,0.0,4.0,16.231565640607492,0.7892626256242995,1,1,1,0,0,0,56.0,259.7050502497199,1578.525251248599,0.0,0.0,0.041171733768210726,0.0,18.527280195694154,0.8024
W3_P1,19,2.1198,9.236,0.0,9.236,0.0,0.0,0.0,4.0,7.75,0.44999999999999996,1,1,1,0,0,0,56.0,124.0,899.9999999999999,0.0,0.0,0.0,5.0838,12.841558968636097,0.8024
W3_P1,20,1.8599999999999999,7.228,0.0,7.228,0.0,0.0,0.0,4.0,7.75,0.44999999999999996,1,1,1,0,0,0,56.0,124.0,899.9999999999999,0.0,0.0,0.0,6.832000000000001,5.224764739587713,0.8024
W3_P1,21,1.6301999999999999,6.252,0.0,6.252,0.0,0.0,0.0,4.0,7.75,0.44999999999999996,1,1,1,0,0,0,56.0,124.0,899.9999999999999,4.741757212274477,0.0,0.0,2.8364427877255243,2.062712112635733,0.6074
W3_P1,22,1.56,6.452,0.0,6.452,0.0,0.0,0.0,4.0,7.75,0.44999999999999996,1,1,1,0,0,0,56.0,124.0,899.9999999999999,7.308,0.0,0.0,0.0,2.0585866884104616,0.6074
W3_P1,23,1.4802,7.972,0.0,7.972,0.0,0.0,0.0,8.0,13.625,0.825,1,1,1,0,0,0,112.0,218.0,1649.9999999999998,15.962774637085355,0.0,0.004574637085356474,0.0,2.0585866884104616,0.3424
W3_P2,0,1.3698000000000001,11.904,0.0,11.904,0.0,0.0,0.0,20.0,20.0,1.5,1,1,1,0,0,0,280.0,320.0,3000.0,30.97037463708536,3.552713678800501e-15,0.004574637085356474,0.0,2.0585866884104616,0.3424
W3_P2,1,1.0997999999999999,13.384,0.0,13.384,0.0,0.0,0.0,20.0,20.0,1.5,1,1,1,0,0,0,280.0,320.0,3000.0,29.220374637085357,0.0,0.004574637085356474,0.0,2.0585866884104616,0.3424
W3_P2,2,0.7998000000000001,14.268,0.0,14.268,0.0,0.0,0.0,20.0,20.0,1.5,1,1,1,0,0,0,280.0,320.0,3000.0,28.036374637085355,0.0,0.004574637085356474,0.0,2.0585866884104616,0.3424
W3_P2,3,0.99,15.72,0.0,15.72,0.0,0.0,0.0,20.0,20.0,1.5,1,1,1,0,0,0,280.0,320.0,3000.0,26.774574637085355,0.0,0.004574637085356474,0.0,2.0585866884104616,0.3424
W3_P2,4,1.1802000000000001,15.088,0.0,15.088,0.0,0.0,0.0,20.0,20.0,1.5,1,1,1,0,0,0,280.0,320.0,3000.0,27.596774637085353,0.0,0.004574637085356474,0.0,2.0585866884104616,0.3424
W3_P2,5,1.6301999999999999,13.475999999999999,0.0,13.475999999999999,0.0,0.0,0.0,20.0,20.0,1.5,1,1,1,0,0,0,280.0,320.0,3000.0,37.685016657584825,0.0,8.030816657584825,0.0,9.282204506859983,0.3424
W3_P2,6,2.5002,13.832,0.0,13.832,0.0,0.0,0.0,16.35915580066406,20.0,1.3725704530232419,1,1,1,0,0,0,229.0281812092968,320.0,2745.140906046484,36.69285969574051,0.0,10.292933442053211,0.0,18.527280195694154,0.3424
W3_P2,7,3.3701999999999996,12.76,3.2,12.76,3.2,0.0,0.0,10.359155800664055,15.874999999999998,0.9975704530232419,1,1,1,0,0,0,145.02818120929678,253.99999999999997,1995.1409060464837,7.358993826415277,0.0,0.0,7.2829324272720175,10.398078493889411,0.6074
W3_P2,8,4.0098,10.712,10.88,10.712,10.88,0.0,0.0,4.359155800664055,12.567763217608368,0.6552809817275767,1,1,1,0,0,0,61.028181209296775,201.0842114817339,1310.5619634551533,0.0,0.0,0.0,0.0,10.377282336901633,0.6074
W3_P2,9,4.199999999999999,11.916,17.92,11.916,17.92,0.0,0.0,4.672463768115945,20.0,0.963536231884058,1,1,1,0,0,0,65.41449275362322,320.0,1927.072463768116,0.0,0.0,0.0,0.0,10.35652777222783,0.6074
W3_P2,10,4.1202,8.804,24.96,8.804,24.96,0.0,0.0,8.544734299516909,20.0,1.099065700483092,1,1,1,0,0,0,119.62628019323674,320.0,2198.1314009661837,0.0,0.0,0.0,0.0,10.335814716683375,0.8024
W3_P2,11,3.9000000000000004,9.3,31.36,9.3,31.36,0.0,0.0,14.544734299516909,20.0,1.309065700483092,1,1,1,0,0,0,203.62628019323674,320.0,2618.1314009661837,0.0,0.0,0.9061999999999966,0.0,11.130723087250006,0.8024
W3_P2,12,3.2598000000000003,9.012,35.84,9.012,35.84,0.0,0.0,20.0,20.0,1.5,1,1,1,0,0,0,280.0,320.0,3000.0,0.0,0.0,0.09220000000000361,0.0,11.191441641075508,0.8024
W3_P2,13,2.6898,10.704,37.12,10.704,37.12,0.0,0.0,20.0,20.0,1.5,1,1,1,0,0,0,280.0,320.0,3000.0,0.0,0.0,3.634199999999998,0.0,14.439838757793355,0.8024
W3_P2,14,3.63,10.604,32.0,10.604,32.0,0.0,0.0,17.559420289855073,20.0,1.4145797101449276,1,1,1,0,0,0,245.83188405797102,320.0,2829.159420289855,0.0,0.0,0.0,0.0,14.410959080277769,0.8024
W3_P2,15,3.8202000000000003,14.552,25.6,14.552,25.6,0.0,0.0,13.976043956043956,20.0,1.2891615384615387,1,1,1,0,0,0,195.6646153846154,320.0,2578.323076923077,0.0,0.0,1.066594505494507,0.0,15.342072217062269,0.6074
W3_P2,16,3.75,13.724,19.2,13.724,19.2,0.0,0.0,7.976043956043957,20.0,1.0791615384615385,1,1,1,0,0,0,111.66461538461539,320.0,2158.3230769230768,0.0,0.0,0.11879450549450432,0.0,15.418303127573198,0.6074
W3_P2,17,3.1398,12.347999999999999,9.6,12.347999999999999,9.6,0.0,0.0,4.0,14.10403846153846,0.7041615384615383,1,1,1,0,0,0,56.0,225.66461538461536,1408.3230769230765,0.0,0.0,0.0,0.0,15.387466521318052,0.6074
W3_P2,18,2.61,12.152000000000001,3.2,12.152000000000001,3.2,0.0,0.0,4.0,8.271153846153846,0.4708461538461538,1,1,1,0,0,0,56.0,132.33846153846153,941.6923076923076,0.0,0.0,0.0,0.0,15.356691588275416,0.8024
W3_P2,19,2.1198,9.236,0.0,9.236,0.0,0.0,0.0,4.0,7.75,0.44999999999999996,1,1,1,0,0,0,56.0,124.0,899.9999999999999,0.0,0.0,0.0,5.0838,9.677311538432198,0.8024
W3_P2,20,1.8599999999999999,7.228,0.0,7.228,0.0,0.0,0.0,4.0,7.75,0.44999999999999996,1,1,1,0,0,0,56.0,124.0,899.9999999999999,0.0,0.0,0.0,6.832000000000001,2.0668458042442217,0.8024
W3_P2,21,1.6301999999999999,6.252,0.0,6.252,0.0,0.0,0.0,4.0,10.0,0.54,1,1,1,0,0,0,56.0,160.0,1080.0,9.9182,0.0,0.0,0.0,2.062712112635733,0.6074
W3_P2,22,1.56,6.452,0.0,6.452,0.0,0.0,0.0,8.0,15.875,0.915,1,1,1,0,0,0,112.0,254.0,1830.0,19.898000000000003,0.0,0.0,0.0,2.0585866884104616,0.6074
W3_P2,23,1.4802,7.972,0.0,7.972,0.0,0.0,0.0,14.0,20.0,1.29,1,1,1,0,0,0,196.0,320.0,2580.0,28.802774637085353,0.0,0.004574637085356474,0.0,2.0585866884104616,0.3424
W3_P3,0,1.3698000000000001,11.904,0.0,11.904,0.0,0.0,0.0,20.0,20.0,1.5,1,1,1,0,0,0,280.0,320.0,3000.0,30.970374637085357,0.0,0.004574637085356474,0.0,2.0585866884104616,0.3424
W3_P3,1,1.0997999999999999,13.384,0.0,13.384,0.0,0.0,0.0,20.0,20.0,1.5,1,1,1,0,0,0,280.0,320.0,3000.0,29.220374637085353,0.0,0.004574637085356474,0.0,2.0585866884104616,0.3424
W3_P3,2,0.7998000000000001,14.268,0.0,14.268,0.0,0.0,0.0,20.0,20.0,1.5,1,1,1,0,0,0,280.0,320.0,3000.0,28.036374637085355,0.0,0.004574637085356474,0.0,2.0585866884104616,0.3424
W3_P3,3,0.99,15.72,0.0,15.72,0.0,0.0,0.0,20.0,20.0,1.5,1,1,1,0,0,0,280.0,320.0,3000.0,26.774574637085355,0.0,0.004574637085356474,0.0,2.0585866884104616,0.3424
W3_P3,4,1.1802000000000001,15.088,0.0,15.088,0.0,0.0,0.0,20.0,20.0,1.5,1,1,1,0,0,0,280.0,320.0,3000.0,27.596774637085353,0.0,0.004574637085356474,0.0,2.0585866884104616,0.3424
W3_P3,5,1.6301999999999999,13.475999999999999,0.0,13.475999999999999,0.0,0.0,0.0,20.0,20.0,1.5,1,1,1,0,0,0,280.0,320.0,3000.0,37.685016657584825,0.0,8.030816657584825,0.0,9.282204506859983,0.3424
W3_P3,6,2.5002,13.832,0.0,13.832,0.0,0.0,0.0,20.0,20.0,1.5,1,1,1,0,0,0,280.0,320.0,3000.0,40.46113344205321,0.0,10.292933442053211,0.0,18.527280195694154,0.3424
W3_P3,7,3.3701999999999996,12.76,1.28,12.76,1.28,0.0,0.0,20.0,20.0,1.5,1,1,1,0,0,0,280.0,320.0,3000.0,30.8302,0.0,0.0,0.0,18.490225635302764,0.6074
W3_P3,8,4.0098,10.712,3.2,10.712,3.2,0.0,0.0,16.0,20.0,1.36,1,1,1,0,0,0,224.0,320.0,2720.0,27.4578,0.0,0.0,0.0,18.45324518403216,0.6074
W3_P3,9,4.199999999999999,11.916,5.12,11.916,5.12,0.0,0.0,10.0,20.0,1.1500000000000001,1,1,1,0,0,0,140.0,320.0,2300.0,18.314,0.0,0.0,0.0,18.416338693664095,0.6074
W3_P3,10,4.1202,8.804,7.68,8.804,7.68,0.0,0.0,4.0,15.875000000000004,0.7750000000000001,1,1,1,0,0,0,56.0,254.00000000000006,1550.0000000000002,0.0,0.0,0.0,8.286200000000004,9.172617127387873,0.8024
W3_P3,11,3.9000000000000004,9.3,11.52,9.3,11.52,0.0,0.0,4.0,12.288461538461537,0.6315384615384615,1,1,1,0,0,0,56.0,196.61538461538458,1263.0769230769229,0.0,0.0,0.0,0.0,9.154271893133098,0.8024
W3_P3,12,3.2598000000000003,9.012,14.08,9.012,14.08,0.0,0.0,4.0,15.088653846153843,0.7435461538461536,1,1,1,0,0,0,56.0,241.4184615384615,1487.0923076923073,0.0,0.0,0.0,0.0,9.13596334934683,0.8024
W3_P3,13,2.6898,10.704,14.08,10.704,14.08,0.0,0.0,4.0,17.263653846153847,0.8305461538461537,1,1,1,0,0,0,56.0,276.21846153846155,1661.0923076923075,0.0,0.0,0.0,0.0,9.117691422648138,0.8024
W3_P3,14,3.63,10.604,11.52,10.604,11.52,0.0,0.0,4.0,13.801923076923076,0.692076923076923,1,1,1,0,0,0,56.0,220.83076923076922,1384.153846153846,0.0,0.0,0.0,0.0,9.099456039802842,0.8024
W3_P3,15,3.8202000000000003,14.552,7.04,14.552,7.04,0.0,0.0,7.630769230769228,20.0,1.067076923076923,1,1,1,0,0,0,106.83076923076919,320.0,2134.153846153846,10.926046153846153,0.0,0.0,0.0,9.081257127723235,0.6074
W3_P3,16,3.75,13.724,5.12,13.724,5.12,0.0,0.0,13.63076923076923,20.0,1.277076923076923,1,1,1,0,0,0,190.83076923076922,320.0,2554.1538461538457,20.05730159094859,0.0,0.24345543710243925,0.0,9.282204506859983,0.6074
W3_P3,17,3.1398,12.347999999999999,3.2,12.347999999999999,3.2,0.0,0.0,7.630769230769229,20.0,1.0670769230769228,1,1,1,0,0,0,106.8307692307692,320.0,2134.1538461538457,26.582579595899368,0.0,10.292933442053211,0.0,18.527280195694154,0.6074
W3_P3,18,2.61,12.152000000000001,1.28,12.152000000000001,1.28,0.0,0.0,4.0,13.801923076923075,0.692076923076923,1,1,1,0,0,0,56.0,220.8307692307692,1384.153846153846,0.0,0.0,0.0,7.671999999999995,9.965781190858324,0.8024
W3_P3,19,2.1198,9.236,0.0,9.236,0.0,0.0,0.0,4.0,7.75,0.44999999999999996,1,1,1,0,0,0,56.0,124.0,899.9999999999999,0.0,0.0,0.0,5.0838,4.297182961809941,0.8024
W3_P3,20,1.8599999999999999,7.228,0.0,7.228,0.0,0.0,0.0,4.0,10.237307692307708,0.5494923076923083,1,1,1,0,0,0,56.0,163.79692307692332,1098.9846153846165,7.411798283271743,0.0,0.0,2.007001716728274,2.0585866884104616,0.8024
W3_P3,21,1.6301999999999999,6.252,0.0,6.252,0.0,0.0,0.0,8.0,16.11230769230771,0.9244923076923083,1,1,1,0,0,0,112.0,257.79692307692335,1848.9846153846165,20.419574637085375,0.0,0.004574637085356474,0.0,2.0585866884104616,0.6074
W3_P3,22,1.56,6.452,0.0,6.452,0.0,0.0,0.0,14.0,20.0,1.29,1,1,1,0,0,0,196.0,320.0,2580.0,30.402574637085355,0.0,0.004574637085356474,0.0,2.0585866884104616,0.6074
W3_P3,23,1.4802,7.972,0.0,7.972,0.0,0.0,0.0,20.0,20.0,1.5,1,1,1,0,0,0,280.0,320.0,3000.0,35.01277463708536,0.0,0.004574637085356474,0.0,2.0585866884104616,0.3424
W3_P4,0,1.3698000000000001,11.904,0.0,11.904,0.0,0.0,0.0,20.0,20.0,1.5,1,1,1,0,0,0,280.0,320.0,3000.0,30.970374637085357,0.0,0.004574637085356474,0.0,2.0585866884104616,0.3424
W3_P4,1,1.0997999999999999,13.384,0.0,13.384,0.0,0.0,0.0,20.0,20.0,1.5,1,1,1,0,0,0,280.0,320.0,3000.0,29.220374637085353,0.0,0.004574637085356474,0.0,2.0585866884104616,0.3424
W3_P4,2,0.7998000000000001,14.268,0.0,14.268,0.0,0.0,0.0,20.0,20.0,1.5,1,1,1,0,0,0,280.0,320.0,3000.0,28.036374637085355,0.0,0.004574637085356474,0.0,2.0585866884104616,0.3424
W3_P4,3,0.99,15.72,0.0,15.72,0.0,0.0,0.0,20.0,20.0,1.5,1,1,1,0,0,0,280.0,320.0,3000.0,26.774574637085355,0.0,0.004574637085356474,0.0,2.0585866884104616,0.3424
W3_P4,4,1.1802000000000001,15.088,0.0,15.088,0.0,0.0,0.0,20.0,20.0,1.5,1,1,1,0,0,0,280.0,320.0,3000.0,27.596774637085353,0.0,0.004574637085356474,0.0,2.0585866884104616,0.3424
W3_P4,5,1.6301999999999999,13.475999999999999,0.0,13.475999999999999,0.0,0.0,0.0,20.0,20.0,1.5,1,1,1,0,0,0,280.0,320.0,3000.0,37.685016657584825,0.0,8.030816657584825,0.0,9.282204506859983,0.3424
W3_P4,6,2.5002,13.832,0.0,13.832,0.0,0.0,0.0,20.0,20.0,1.5,1,1,1,0,0,0,280.0,320.0,3000.0,40.46113344205321,0.0,10.292933442053211,0.0,18.527280195694154,0.3424
W3_P4,7,3.3701999999999996,12.76,0.0,12.76,0.0,0.0,0.0,20.0,20.0,1.5,1,1,1,0,0,0,280.0,320.0,3000.0,32.1102,0.0,0.0,0.0,18.490225635302764,0.6074
W3_P4,8,4.0098,10.712,0.0,10.712,0.0,0.0,0.0,16.0,20.0,1.36,1,1,1,0,0,0,224.0,320.0,2720.0,30.6578,0.0,0.0,0.0,18.45324518403216,0.6074
W3_P4,9,4.199999999999999,11.916,0.0,11.916,0.0,0.0,0.0,10.0,20.0,1.1500000000000001,1,1,1,0,0,0,140.0,320.0,2300.0,23.55726833558895,0.0,0.12326833558895424,0.0,18.527280195694154,0.6074
W3_P4,10,4.1202,8.804,0.0,8.804,0.0,0.0,0.0,4.0,15.875000000000004,0.7750000000000001,1,1,1,0,0,0,56.0,254.00000000000006,1550.0000000000002,5.673266557946793,0.0,0.0,10.292933442053211,7.053632921910307,0.8024
W3_P4,11,3.9000000000000004,9.3,1.28,9.3,1.28,0.0,0.0,4.0,7.75,0.44999999999999996,1,1,1,0,0,0,56.0,124.0,899.9999999999999,1.04831591136361,0.0,0.0,4.47168408863639,2.070987779803829,0.8024
W3_P4,12,3.2598000000000003,9.012,5.12,9.012,5.12,0.0,0.0,4.0,7.75,0.44999999999999996,1,1,1,0,0,0,56.0,124.0,899.9999999999999,1.3277999999999999,0.0,0.0,0.0,2.0668458042442217,0.8024
W3_P4,13,2.6898,10.704,7.68,10.704,7.68,0.0,0.0,4.0,11.109807692307692,0.5843923076923075,1,1,1,0,0,0,56.0,177.75692307692307,1168.784615384615,0.0,0.0,0.0,0.0,2.062712112635733,0.8024
W3_P4,14,3.63,10.604,5.12,10.604,5.12,0.0,0.0,4.0,14.80303846153846,0.7321215384615385,1,1,1,0,0,0,56.0,236.84861538461536,1464.2430769230768,7.441159999999999,0.0,0.0,0.0,2.0585866884104616,0.8024
W3_P4,15,3.8202000000000003,14.552,1.28,14.552,1.28,0.0,0.0,8.7749010989011,20.0,1.1071215384615385,1,1,1,0,0,0,122.8486153846154,320.0,2214.243076923077,17.874797274447992,0.0,0.004574637085356474,0.0,2.0585866884104616,0.6074
W3_P4,16,3.75,13.724,0.0,13.724,0.0,0.0,0.0,14.774901098901099,20.0,1.3171215384615385,1,1,1,0,0,0,206.84861538461539,320.0,2634.243076923077,34.148839294947464,0.0,8.030816657584825,0.0,9.282204506859983,0.6074
W3_P4,17,3.1398,12.347999999999999,0.0,12.347999999999999,0.0,0.0,0.0,8.774901098901099,20.0,1.1071215384615385,1,1,1,0,0,0,122.84861538461539,320.0,2214.243076923077,30.966756079415852,0.0,10.292933442053211,0.0,18.527280195694154,0.6074
W3_P4,18,2.61,12.152000000000001,0.0,12.152000000000001,0.0,0.0,0.0,4.0,14.80303846153846,0.7321215384615385,1,1,1,0,0,0,56.0,236.84861538461536,1464.2430769230768,0.0,0.0,0.0,9.993159999999998,7.386714524191655,0.8024
W3_P4,19,2.1198,9.236,0.0,9.236,0.0,0.0,0.0,4.0,7.75,0.44999999999999996,1,1,1,0,0,0,56.0,124.0,899.9999999999999,0.3054939157432157,0.0,0.0,4.778306084256784,2.062712112635733,0.8024
W3_P4,20,1.8599999999999999,7.228,0.0,7.228,0.0,0.0,0.0,4.0,15.875000000000004,0.7750000000000001,1,1,1,0,0,0,56.0,254.00000000000006,1550.0000000000002,15.282000000000005,0.0,0.0,0.0,2.0585866884104616,0.8024
W3_P4,21,1.6301999999999999,6.252,0.0,6.252,0.0,0.0,0.0,10.0,20.0,1.1500000000000001,1,1,1,0,0,0,140.0,320.0,2300.0,26.532774637085353,0.0,0.004574637085356474,0.0,2.0585866884104616,0.6074
W3_P4,22,1.56,6.452,0.0,6.452,0.0,0.0,0.0,16.0,20.0,1.36,1,1,1,0,0,0,224.0,320.0,2720.0,32.47257463708536,0.0,0.004574637085356474,0.0,2.0585866884104616,0.6074
W3_P4,23,1.4802,7.972,0.0,7.972,0.0,0.0,0.0,20.0,20.0,1.5,1,1,1,0,0,0,280.0,320.0,3000.0,35.01277463708536,0.0,0.004574637085356474,0.0,2.0585866884104616,0.3424
W4_P1,0,1.3698000000000001,13.495999999999999,0.0,13.495999999999999,0.0,0.0,0.0,13.999999999999991,17.750000000000007,1.2,1,1,1,0,0,0,195.9999999999999,284.0000000000001,2400.0,20.828374637085354,0.0,0.004574637085356474,0.0,2.0585866884104616,0.3424
W4_P1,1,1.0997999999999999,14.084000000000001,0.0,14.084000000000001,0.0,0.0,0.0,19.999999999999996,20.0,1.4999999999999998,1,1,1,0,0,0,279.99999999999994,320.0,2999.9999999999995,28.52037463708535,-0.0,0.004574637085356474,0.0,2.0585866884104616,0.3424
W4_P1,2,0.7998000000000001,13.091999999999999,0.0,13.091999999999999,0.0,0.0,0.0,20.0,20.0,1.5,1,1,1,0,0,0,280.0,320.0,3000.0,29.212374637085357,0.0,0.004574637085356474,0.0,2.0585866884104616,0.3424
W4_P1,3,0.99,20.168,0.0,20.168,0.0,0.0,0.0,20.0,20.0,1.5,1,1,1,0,0,0,280.0,320.0,3000.0,22.326574637085354,0.0,0.004574637085356474,0.0,2.0585866884104616,0.3424
W4_P1,4,1.1802000000000001,19.276,0.0,19.276,0.0,0.0,0.0,20.0,20.0,1.5,1,1,1,0,0,0,280.0,320.0,3000.0,23.408774637085354,0.0,0.004574637085356474,0.0,2.0585866884104616,0.3424
W4_P1,5,1.6301999999999999,23.08,0.0,23.08,0.0,0.0,0.0,20.0,20.0,1.5,1,1,1,0,0,0,280.0,320.0,3000.0,28.081016657584826,0.0,8.030816657584825,0.0,9.282204506859983,0.3424
W4_P1,6,2.5002,28.355999999999998,14.08,28.355999999999998,14.08,0.0,0.0,20.0,20.0,1.5,1,1,1,0,0,0,280.0,320.0,3000.0,11.857133442053211,0.0,10.292933442053211,0.0,18.527280195694154,0.3424
W4_P1,7,3.3701999999999996,26.36,25.6,26.36,25.6,0.0,0.0,14.0,20.0,1.29,1,1,1,0,0,0,196.0,320.0,2580.0,0.0,13.299800000000001,0.0,0.0,18.490225635302764,0.6074
W4_P1,8,4.0098,25.076,37.12,25.076,37.12,0.0,0.0,8.0,20.0,1.08,1,1,1,0,0,0,112.0,320.0,2160.0,0.0,29.1062,0.0,0.0,18.45324518403216,0.6074
W4_P1,9,4.199999999999999,22.112,46.08,22.112,46.08,0.0,0.0,14.0,20.0,1.29,1,1,1,0,0,0,196.0,320.0,2580.0,0.0,28.701999999999995,0.0,0.0,18.416338693664095,0.6074
W4_P1,10,4.1202,8.995999999999999,52.48,8.995999999999999,52.48,0.0,0.0,18.857142857142858,20.0,1.46,1,1,1,0,0,0,264.0,320.0,2920.0,0.0,17.038657142857147,0.0,0.0,18.379506016276768,0.8024
W4_P1,11,3.9000000000000004,7.652,55.04,7.652,55.04,0.0,0.0,12.85714285714286,20.0,1.25,1,1,1,0,0,0,180.00000000000003,320.0,2500.0,0.0,24.68485714285714,0.0,0.0,18.342747004244213,0.8024
W4_P1,12,3.2598000000000003,10.815999999999999,56.32,10.815999999999999,56.32,0.0,0.0,6.8571428571428585,20.0,1.04,1,1,1,0,0,0,96.00000000000001,320.0,2080.0,0.0,35.979057142857144,0.0,0.0,18.306061510235725,0.8024
W4_P1,13,2.6898,10.952,56.32,10.952,56.32,0.0,0.0,12.85714285714286,20.0,1.25,1,1,1,0,0,0,180.00000000000003,320.0,2500.0,0.0,30.475057142857153,0.0,0.0,18.269449387215253,0.8024
W4_P1,14,3.63,15.152000000000001,52.48,15.152000000000001,52.48,0.0,0.0,18.857142857142858,20.0,1.46,1,1,1,0,0,0,264.0,320.0,2920.0,0.0,23.684857142857147,0.0,0.0,18.232910488440822,0.8024
W4_P1,15,3.8202000000000003,21.66,44.8,21.66,44.8,0.0,0.0,12.85714285714286,20.0,1.25,1,1,1,0,0,0,180.00000000000003,320.0,2500.0,0.0,28.53265714285714,0.0,0.0,18.19644466746394,0.6074
W4_P1,16,3.75,17.16,33.28,17.16,33.28,0.0,0.0,6.8571428571428585,20.0,1.04,1,1,1,0,0,0,96.00000000000001,320.0,2080.0,0.0,18.792857142857137,0.0,0.0,18.160051778129013,0.6074
W4_P1,17,3.1398,16.612000000000002,24.32,16.612000000000002,24.32,0.0,0.0,4.0,20.0,0.9400000000000001,1,1,1,0,0,0,56.0,320.0,1880.0,0.0,12.8522,0.0,0.0,18.123731674572756,0.6074
W4_P1,18,2.61,15.328,11.52,15.328,11.52,0.0,0.0,4.0,17.125,0.825,1,1,1,0,0,0,56.0,274.0,1649.9999999999998,0.0,1.7993377950327272,0.48866220496726953,0.0,18.527280195694154,0.8024
W4_P1,19,2.1198,9.416,0.0,9.416,0.0,0.0,0.0,4.0,7.75,0.44999999999999996,1,1,1,0,0,0,56.0,124.0,899.9999999999999,0.0,0.0,0.0,4.9038,13.041558968636096,0.8024
W4_P1,20,1.8599999999999999,8.808,0.0,8.808,0.0,0.0,0.0,4.0,7.75,0.44999999999999996,1,1,1,0,0,0,56.0,124.0,899.9999999999999,0.0,0.0,0.0,5.252000000000001,7.179920295143267,0.8024
W4_P1,21,1.6301999999999999,5.215999999999999,0.0,5.215999999999999,0.0,0.0,0.0,4.0,7.75,0.44999999999999996,1,1,1,0,0,0,56.0,124.0,899.9999999999999,4.021636492274478,0.0,0.0,4.592563507725522,2.062712112635733,0.6074
W4_P1,22,1.56,6.151999999999999,0.0,6.151999999999999,0.0,0.0,0.0,4.0,7.75,0.44999999999999996,1,1,1,0,0,0,56.0,124.0,899.9999999999999,7.6080000000000005,0.0,0.0,0.0,2.0585866884104616,0.6074
W4_P1,23,1.4802,8.464,0.0,8.464,0.0,0.0,0.0,7.999999999999992,13.625000000000007,0.825,1,1,1,0,0,0,111.99999999999989,218.0000000000001,1649.9999999999998,15.470774637085356,0.0,0.004574637085356474,0.0,2.0585866884104616,0.3424
W4_P2,0,1.3698000000000001,13.495999999999999,0.0,13.495999999999999,0.0,0.0,0.0,14.0,17.75,1.2,1,1,1,0,0,0,196.0,284.0,2400.0,20.828374637085357,0.0,0.004574637085356474,0.0,2.0585866884104616,0.3424
W4_P2,1,1.0997999999999999,14.084000000000001,0.0,14.084000000000001,0.0,0.0,0.0,20.0,20.0,1.5,1,1,1,0,0,0,280.0,320.0,3000.0,28.520374637085354,0.0,0.004574637085356474,0.0,2.0585866884104616,0.3424
W4_P2,2,0.7998000000000001,13.091999999999999,0.0,13.091999999999999,0.0,0.0,0.0,20.0,20.0,1.5,1,1,1,0,0,0,280.0,320.0,3000.0,29.212374637085354,0.0,0.004574637085356474,0.0,2.0585866884104616,0.3424
W4_P2,3,0.99,20.168,0.0,20.168,0.0,0.0,0.0,20.0,20.0,1.5,1,1,1,0,0,0,280.0,320.0,3000.0,22.326574637085354,0.0,0.004574637085356474,0.0,2.0585866884104616,0.3424
W4_P2,4,1.1802000000000001,19.276,0.0,19.276,0.0,0.0,0.0,20.0,20.0,1.5,1,1,1,0,0,0,280.0,320.0,3000.0,23.408774637085354,0.0,0.004574637085356474,0.0,2.0585866884104616,0.3424
W4_P2,5,1.6301999999999999,23.08,0.0,23.08,0.0,0.0,0.0,20.0,20.0,1.5,1,1,1,0,0,0,280.0,320.0,3000.0,28.081016657584826,0.0,8.030816657584825,0.0,9.282204506859983,0.3424
W4_P2,6,2.5002,28.355999999999998,0.0,28.355999999999998,0.0,0.0,0.0,15.35246376811594,20.0,1.337336231884058,1,1,1,0,0,0,214.93449275362318,320.0,2674.672463768116,21.126933442053215,0.0,10.292933442053211,0.0,18.527280195694154,0.3424
W4_P2,7,3.3701999999999996,26.36,3.2,26.36,3.2,0.0,0.0,9.35246376811594,15.874999999999998,0.962336231884058,1,1,1,0,0,0,130.93449275362318,253.99999999999997,1924.6724637681161,0.0,0.0,0.0,0.0,18.490225635302764,0.6074
W4_P2,8,4.0098,25.076,10.88,25.076,10.88,0.0,0.0,10.769275362318842,20.0,1.1769246376811593,1,1,1,0,0,0,150.7698550724638,320.0,2353.8492753623186,0.0,0.0,0.0,0.0,18.45324518403216,0.6074
W4_P2,9,4.199999999999999,22.112,17.92,22.112,17.92,0.0,0.0,14.52367149758454,20.0,1.308328502415459,1,1,1,0,0,0,203.33140096618354,320.0,2616.6570048309177,0.0,0.0,0.0,0.0,18.416338693664095,0.6074
W4_P2,10,4.1202,8.995999999999999,24.96,8.995999999999999,24.96,0.0,0.0,8.730241545893723,20.0,1.1055584541062802,1,1,1,0,0,0,122.22338164251211,320.0,2211.1169082125602,0.0,0.0,0.0,0.0,18.379506016276768,0.8024
W4_P2,11,3.9000000000000004,7.652,31.36,7.652,31.36,0.0,0.0,13.828019323671498,20.0,1.2839806763285022,1,1,1,0,0,0,193.59227053140097,320.0,2567.961352657004,0.0,0.0,0.0,0.0,18.342747004244213,0.8024
W4_P2,12,3.2598000000000003,10.815999999999999,35.84,10.815999999999999,35.84,0.0,0.0,19.828019323671498,20.0,1.4939806763285026,1,1,1,0,0,0,277.59227053140097,320.0,2987.961352657005,0.0,2.0742000000000047,0.0,0.0,18.306061510235725,0.8024
W4_P2,13,2.6898,10.952,37.12,10.952,37.12,0.0,0.0,20.0,20.0,1.5,1,1,1,0,0,0,280.0,320.0,3000.0,0.0,3.8821999999999957,0.0,0.0,18.269449387215253,0.8024
W4_P2,14,3.63,15.152000000000001,32.0,15.152000000000001,32.0,0.0,0.0,20.0,20.0,1.5,1,1,1,0,0,0,280.0,320.0,3000.0,0.0,2.022000000000001,0.0,0.0,18.232910488440822,0.8024
W4_P2,15,3.8202000000000003,21.66,25.6,21.66,25.6,0.0,0.0,16.591433892472185,20.0,1.3807001862365265,1,1,1,0,0,0,232.2800744946106,320.0,2761.400372473053,0.0,5.467665921291292,0.0,0.0,18.19644466746394,0.6074
W4_P2,16,3.75,17.16,19.2,17.16,19.2,0.0,0.0,10.591433892472185,20.0,1.1707001862365265,1,1,1,0,0,0,148.2800744946106,320.0,2341.400372473053,0.0,0.43983434621890893,0.4080315750723784,0.0,18.527280195694154,0.6074
W4_P2,17,3.1398,16.612000000000002,9.6,16.612000000000002,9.6,0.0,0.0,4.591433892472186,17.615448001241624,0.8653181062861915,1,1,1,0,0,0,64.2800744946106,281.847168019866,1730.636212572383,0.0,0.0,0.0,0.0,18.490225635302764,0.6074
W4_P2,18,2.61,15.328,3.2,15.328,3.2,0.0,0.0,4.0,11.24590276531838,0.5898361106127352,1,1,1,0,0,0,56.0,179.93444424509408,1179.6722212254704,0.0,0.0,0.08226112406888259,0.0,18.527280195694154,0.8024
W4_P2,19,2.1198,9.416,0.0,9.416,0.0,0.0,0.0,4.0,7.75,0.44999999999999996,1,1,1,0,0,0,56.0,124.0,899.9999999999999,0.0,0.0,0.0,4.9038,13.041558968636096,0.8024
W4_P2,20,1.8599999999999999,8.808,0.0,8.808,0.0,0.0,0.0,4.0,7.75,0.44999999999999996,1,1,1,0,0,0,56.0,124.0,899.9999999999999,0.0,0.0,0.0,5.252000000000001,7.179920295143267,0.8024
W4_P2,21,1.6301999999999999,5.215999999999999,0.0,5.215999999999999,0.0,0.0,0.0,4.0,7.75,0.44999999999999996,1,1,1,0,0,0,56.0,124.0,899.9999999999999,4.021636492274478,0.0,0.0,4.592563507725522,2.062712112635733,0.6074
W4_P2,22,1.56,6.151999999999999,0.0,6.151999999999999,0.0,0.0,0.0,4.0,7.75,0.44999999999999996,1,1,1,0,0,0,56.0,124.0,899.9999999999999,7.6080000000000005,0.0,0.0,0.0,2.0585866884104616,0.6074
W4_P2,23,1.4802,8.464,0.0,8.464,0.0,0.0,0.0,8.0,13.625,0.825,1,1,1,0,0,0,112.0,218.0,1649.9999999999998,15.470774637085356,0.0,0.004574637085356474,0.0,2.0585866884104616,0.3424
W4_P3,0,1.3698000000000001,13.495999999999999,0.0,13.495999999999999,0.0,0.0,0.0,20.0,20.0,1.5,1,1,1,0,0,0,280.0,320.0,3000.0,29.378374637085358,0.0,0.004574637085356474,0.0,2.0585866884104616,0.3424
W4_P3,1,1.0997999999999999,14.084000000000001,0.0,14.084000000000001,0.0,0.0,0.0,20.0,20.0,1.5,1,1,1,0,0,0,280.0,320.0,3000.0,28.52037463708535,0.0,0.004574637085356474,0.0,2.0585866884104616,0.3424
W4_P3,2,0.7998000000000001,13.091999999999999,0.0,13.091999999999999,0.0,0.0,0.0,20.0,20.0,1.5,1,1,1,0,0,0,280.0,320.0,3000.0,29.212374637085357,0.0,0.004574637085356474,0.0,2.0585866884104616,0.3424
W4_P3,3,0.99,20.168,0.0,20.168,0.0,0.0,0.0,20.0,20.0,1.5,1,1,1,0,0,0,280.0,320.0,3000.0,22.326574637085354,0.0,0.004574637085356474,0.0,2.0585866884104616,0.3424
W4_P3,4,1.1802000000000001,19.276,0.0,19.276,0.0,0.0,0.0,20.0,20.0,1.5,1,1,1,0,0,0,280.0,320.0,3000.0,23.408774637085354,0.0,0.004574637085356474,0.0,2.0585866884104616,0.3424
W4_P3,5,1.6301999999999999,23.08,0.0,23.08,0.0,0.0,0.0,20.0,20.0,1.5,1,1,1,0,0,0,280.0,320.0,3000.0,28.081016657584826,0.0,8.030816657584825,0.0,9.282204506859983,0.3424
W4_P3,6,2.5002,28.355999999999998,0.0,28.355999999999998,0.0,0.0,0.0,20.0,20.0,1.5,1,1,1,0,0,0,280.0,320.0,3000.0,25.937133442053213,0.0,10.292933442053211,0.0,18.527280195694154,0.3424
W4_P3,7,3.3701999999999996,26.36,1.28,26.36,1.28,0.0,0.0,20.0,20.0,1.5,1,1,1,0,0,0,280.0,320.0,3000.0,17.2302,0.0,0.0,0.0,18.490225635302764,0.6074
W4_P3,8,4.0098,25.076,3.2,25.076,3.2,0.0,0.0,16.0,20.0,1.36,1,1,1,0,0,0,224.0,320.0,2720.0,13.0938,0.0,0.0,0.0,18.45324518403216,0.6074
W4_P3,9,4.199999999999999,22.112,5.12,22.112,5.12,0.0,0.0,10.0,20.0,1.1500000000000001,1,1,1,0,0,0,140.0,320.0,2300.0,8.118,0.0,0.0,0.0,18.416338693664095,0.6074
W4_P3,10,4.1202,8.995999999999999,7.68,8.995999999999999,7.68,0.0,0.0,4.0,15.875000000000004,0.7750000000000001,1,1,1,0,0,0,56.0,254.00000000000006,1550.0000000000002,0.0,0.0,0.0,8.094200000000008,9.385950460721203,0.8024
W4_P3,11,3.9000000000000004,7.652,11.52,7.652,11.52,0.0,0.0,4.0,10.703846153846154,0.5681538461538461,1,1,1,0,0,0,56.0,171.26153846153846,1136.3076923076922,0.0,0.0,0.0,0.0,9.367178559799761,0.8024
W4_P3,12,3.2598000000000003,10.815999999999999,14.08,10.815999999999999,14.08,0.0,0.0,4.0,16.82326923076923,0.8129307692307692,1,1,1,0,0,0,56.0,269.1723076923077,1625.8615384615384,0.0,0.0,0.0,0.0,9.348444202680161,0.8024
W4_P3,13,2.6898,10.952,14.08,10.952,14.08,0.0,0.0,4.0,17.502115384615383,0.8400846153846152,1,1,1,0,0,0,56.0,280.0338461538461,1680.1692307692304,0.0,0.0,0.0,0.0,9.329747314274801,0.8024
W4_P3,14,3.63,15.152000000000001,11.52,15.152000000000001,11.52,0.0,0.0,4.0,18.175,0.867,1,1,1,0,0,0,56.0,290.8,1734.0,0.0,0.0,0.0,0.0,9.311087819646252,0.8024
W4_P3,15,3.8202000000000003,21.66,7.04,21.66,7.04,0.0,0.0,10.0,20.0,1.1500000000000001,1,1,1,0,0,0,140.0,320.0,2300.0,6.270200000000001,0.0,0.0,0.0,9.29246564400696,0.6074
W4_P3,16,3.75,17.16,5.12,17.16,5.12,0.0,0.0,11.207912087912096,20.0,1.1922769230769235,1,1,1,0,0,0,156.91076923076935,320.0,2384.5538461538467,13.879437671145729,0.0,0.009248660156709023,0.0,9.282204506859983,0.6074
W4_P3,17,3.1398,16.612000000000002,3.2,16.612000000000002,3.2,0.0,0.0,5.207912087912097,20.0,0.9822769230769233,1,1,1,0,0,0,72.91076923076935,320.0,1964.5538461538465,19.81092245304223,0.0,10.292933442053211,0.0,18.527280195694154,0.6074
W4_P3,18,2.61,15.328,1.28,15.328,1.28,0.0,0.0,4.0,11.681923076923082,0.6072769230769233,1,1,1,0,0,0,56.0,186.91076923076932,1214.5538461538465,0.0,0.0,0.0,2.2912000000000052,15.944447857524981,0.8024
W4_P3,19,2.1198,9.416,0.0,9.416,0.0,0.0,0.0,4.0,7.75,0.44999999999999996,1,1,1,0,0,0,56.0,124.0,899.9999999999999,0.0,0.0,0.0,4.9038,10.463892295143264,0.8024
W4_P3,20,1.8599999999999999,8.808,0.0,8.808,0.0,0.0,0.0,4.0,10.0,0.54,1,1,1,0,0,0,56.0,160.0,1080.0,0.046059960071736405,0.0,0.0,7.545940039928264,2.0585866884104616,0.8024
W4_P3,21,1.6301999999999999,5.215999999999999,0.0,5.215999999999999,0.0,0.0,0.0,8.0,15.875,0.915,1,1,1,0,0,0,112.0,254.0,1830.0,21.208774637085355,0.0,0.004574637085356474,0.0,2.0585866884104616,0.6074
W4_P3,22,1.56,6.151999999999999,0.0,6.151999999999999,0.0,0.0,0.0,14.0,20.0,1.29,1,1,1,0,0,0,196.0,320.0,2580.0,30.702574637085355,0.0,0.004574637085356474,0.0,2.0585866884104616,0.6074
W4_P3,23,1.4802,8.464,0.0,8.464,0.0,0.0,0.0,20.0,20.0,1.5,1,1,1,0,0,0,280.0,320.0,3000.0,34.52077463708535,0.0,0.004574637085356474,0.0,2.0585866884104616,0.3424
W4_P4,0,1.3698000000000001,13.495999999999999,0.0,13.495999999999999,0.0,0.0,0.0,20.0,20.0,1.5,1,1,1,0,0,0,280.0,320.0,3000.0,29.378374637085358,0.0,0.004574637085356474,0.0,2.0585866884104616,0.3424
W4_P4,1,1.0997999999999999,14.084000000000001,0.0,14.084000000000001,0.0,0.0,0.0,20.0,20.0,1.5,1,1,1,0,0,0,280.0,320.0,3000.0,28.52037463708535,0.0,0.004574637085356474,0.0,2.0585866884104616,0.3424
W4_P4,2,0.7998000000000001,13.091999999999999,0.0,13.091999999999999,0.0,0.0,0.0,20.0,20.0,1.5,1,1,1,0,0,0,280.0,320.0,3000.0,29.212374637085357,0.0,0.004574637085356474,0.0,2.0585866884104616,0.3424
W4_P4,3,0.99,20.168,0.0,20.168,0.0,0.0,0.0,20.0,20.0,1.5,1,1,1,0,0,0,280.0,320.0,3000.0,22.326574637085354,0.0,0.004574637085356474,0.0,2.0585866884104616,0.3424
W4_P4,4,1.1802000000000001,19.276,0.0,19.276,0.0,0.0,0.0,20.0,20.0,1.5,1,1,1,0,0,0,280.0,320.0,3000.0,23.408774637085354,0.0,0.004574637085356474,0.0,2.0585866884104616,0.3424
W4_P4,5,1.6301999999999999,23.08,0.0,23.08,0.0,0.0,0.0,20.0,20.0,1.5,1,1,1,0,0,0,280.0,320.0,3000.0,28.081016657584826,0.0,8.030816657584825,0.0,9.282204506859983,0.3424
W4_P4,6,2.5002,28.355999999999998,0.0,28.355999999999998,0.0,0.0,0.0,20.0,20.0,1.5,1,1,1,0,0,0,280.0,320.0,3000.0,25.937133442053213,0.0,10.292933442053211,0.0,18.527280195694154,0.3424
W4_P4,7,3.3701999999999996,26.36,0.0,26.36,0.0,0.0,0.0,20.0,20.0,1.5,1,1,1,0,0,0,280.0,320.0,3000.0,18.5102,0.0,0.0,0.0,18.490225635302764,0.6074
W4_P4,8,4.0098,25.076,0.0,25.076,0.0,0.0,0.0,16.0,20.0,1.36,1,1,1,0,0,0,224.0,320.0,2720.0,16.293799999999997,0.0,0.0,0.0,18.45324518403216,0.6074
W4_P4,9,4.199999999999999,22.112,0.0,22.112,0.0,0.0,0.0,10.0,20.0,1.1500000000000001,1,1,1,0,0,0,140.0,320.0,2300.0,13.361268335588955,0.0,0.12326833558895424,0.0,18.527280195694154,0.6074
W4_P4,10,4.1202,8.995999999999999,0.0,8.995999999999999,0.0,0.0,0.0,4.0,15.875000000000004,0.7750000000000001,1,1,1,0,0,0,56.0,254.00000000000006,1550.0000000000002,5.481266557946796,0.0,0.0,10.292933442053211,7.053632921910307,0.8024
W4_P4,11,3.9000000000000004,7.652,1.28,7.652,1.28,0.0,0.0,4.0,7.75,0.44999999999999996,1,1,1,0,0,0,56.0,124.0,899.9999999999999,2.6963159113636097,0.0,0.0,4.47168408863639,2.070987779803829,0.8024
W4_P4,12,3.2598000000000003,10.815999999999999,5.12,10.815999999999999,5.12,0.0,0.0,4.0,8.207884615384614,0.4683153846153846,1,1,1,0,0,0,56.0,131.32615384615383,936.6307692307691,0.0,0.0,0.0,0.0,2.0668458042442217,0.8024
W4_P4,13,2.6898,10.952,7.68,10.952,7.68,0.0,0.0,4.0,11.348269230769228,0.5939307692307692,1,1,1,0,0,0,56.0,181.57230769230765,1187.8615384615382,0.0,0.0,0.0,0.0,2.062712112635733,0.8024
W4_P4,14,3.63,15.152000000000001,5.12,15.152000000000001,5.12,0.0,0.0,4.0,14.66376923076924,0.7265507692307696,1,1,1,0,0,0,56.0,234.62030769230785,1453.1015384615391,2.7483200000000085,0.0,0.0,0.0,2.0585866884104616,0.8024
W4_P4,15,3.8202000000000003,21.66,1.28,21.66,1.28,0.0,0.0,8.615736263736274,20.0,1.1015507692307696,1,1,1,0,0,0,120.62030769230783,320.0,2203.101538461539,10.602061670052398,0.0,0.004574637085356474,0.0,2.0585866884104616,0.6074
W4_P4,16,3.75,17.16,0.0,17.16,0.0,0.0,0.0,14.615736263736276,20.0,1.3115507692307695,1,1,1,0,0,0,204.62030769230785,320.0,2623.101538461539,30.54810369055187,0.0,8.030816657584825,0.0,9.282204506859983,0.6074
W4_P4,17,3.1398,16.612000000000002,0.0,16.612000000000002,0.0,0.0,0.0,8.615736263736274,20.0,1.1015507692307696,1,1,1,0,0,0,120.62030769230783,320.0,2203.101538461539,26.538020475020254,0.0,10.292933442053211,0.0,18.527280195694154,0.6074
W4_P4,18,2.61,15.328,0.0,15.328,0.0,0.0,0.0,4.0,14.66376923076924,0.7265507692307696,1,1,1,0,0,0,56.0,234.62030769230785,1453.1015384615391,0.0,0.0,0.0,6.672320000000012,11.076536746413861,0.8024
W4_P4,19,2.1198,9.416,0.0,9.416,0.0,0.0,0.0,4.0,7.75,0.44999999999999996,1,1,1,0,0,0,56.0,124.0,899.9999999999999,0.0,0.0,0.0,4.9038,5.605717006254367,0.8024
W4_P4,20,1.8599999999999999,8.808,0.0,8.808,0.0,0.0,0.0,4.0,15.875000000000004,0.7750000000000001,1,1,1,0,0,0,56.0,254.00000000000006,1550.0000000000002,10.519673004551748,0.0,0.0,3.182326995448257,2.0585866884104616,0.8024
W4_P4,21,1.6301999999999999,5.215999999999999,0.0,5.215999999999999,0.0,0.0,0.0,10.0,20.0,1.1500000000000001,1,1,1,0,0,0,140.0,320.0,2300.0,27.568774637085355,0.0,0.004574637085356474,0.0,2.0585866884104616,0.6074
W4_P4,22,1.56,6.151999999999999,0.0,6.151999999999999,0.0,0.0,0.0,16.0,20.0,1.36,1,1,1,0,0,0,224.0,320.0,2720.0,32.772574637085356,0.0,0.004574637085356474,0.0,2.0585866884104616,0.6074
W4_P4,23,1.4802,8.464,0.0,8.464,0.0,0.0,0.0,20.0,20.0,1.5,1,1,1,0,0,0,280.0,320.0,3000.0,34.52077463708535,0.0,0.004574637085356474,0.0,2.0585866884104616,0.3424
W5_P1,0,1.3698000000000001,9.776,0.0,9.776,0.0,0.0,0.0,14.0,17.75,1.2,1,1,1,0,0,0,196.0,284.0,2400.0,24.548374637085356,0.0,0.004574637085356474,0.0,2.0585866884104616,0.3424
W5_P1,1,1.0997999999999999,13.5,0.0,13.5,0.0,0.0,0.0,20.0,20.0,1.5,1,1,1,0,0,0,280.0,320.0,3000.0,29.104374637085357,-1.391859136456792e-15,0.004574637085356474,0.0,2.0585866884104616,0.3424
W5_P1,2,0.7998000000000001,15.392,0.0,15.392,0.0,0.0,0.0,20.0,20.0,1.5,1,1,1,0,0,0,280.0,320.0,3000.0,26.912374637085357,0.0,0.004574637085356474,0.0,2.0585866884104616,0.3424
W5_P1,3,0.99,13.312,0.0,13.312,0.0,0.0,0.0,20.0,20.0,1.5,1,1,1,0,0,0,280.0,320.0,3000.0,29.182574637085356,0.0,0.004574637085356474,0.0,2.0585866884104616,0.3424
W5_P1,4,1.1802000000000001,15.144,0.0,15.144,0.0,0.0,0.0,20.0,20.0,1.5,1,1,1,0,0,0,280.0,320.0,3000.0,27.540774637085356,0.0,0.004574637085356474,0.0,2.0585866884104616,0.3424
W5_P1,5,1.6301999999999999,14.315999999999999,0.0,14.315999999999999,0.0,0.0,0.0,20.0,20.0,1.5,1,1,1,0,0,0,280.0,320.0,3000.0,36.84501665758483,0.0,8.030816657584829,0.0,9.282204506859987,0.3424
W5_P1,6,2.5002,17.852,14.08,17.852,14.08,0.0,0.0,20.0,20.0,1.5,1,1,1,0,0,0,280.0,320.0,3000.0,22.361133442053205,-0.0,10.292933442053208,0.0,18.527280195694154,0.3424
W5_P1,7,3.3701999999999996,9.628,25.6,9.628,25.6,0.0,0.0,14.0,16.699807692307694,1.1579923076923075,1,1,1,0,0,0,196.0,267.1969230769231,2315.984615384615,0.0,0.0,0.0,0.0,18.490225635302764,0.6074
W5_P1,8,4.0098,22.324,37.12,22.324,37.12,0.0,0.0,13.374003223562699,20.0,1.2680901128246944,1,1,1,0,0,0,187.2360451298778,320.0,2536.180225649389,0.0,20.792106663612614,0.0,0.0,18.453245184032163,0.6074
W5_P1,9,4.199999999999999,20.928,46.08,20.928,46.08,0.0,0.0,19.374003223562703,20.0,1.4780901128246944,1,1,1,0,0,0,271.2360451298778,320.0,2956.180225649389,0.0,21.9559066636126,0.0,0.0,18.4163386936641,0.6074
W5_P1,10,4.1202,15.995999999999999,52.48,15.995999999999999,52.48,0.0,0.0,13.374003223562699,20.0,1.2680901128246944,1,1,1,0,0,0,187.2360451298778,320.0,2536.180225649389,0.0,29.713706663612612,0.0,0.0,18.379506016276775,0.8024
W5_P1,11,3.9000000000000004,14.328000000000001,55.04,14.328000000000001,55.04,0.0,0.0,7.3740032235627,20.0,1.0580901128246945,1,1,1,0,0,0,103.2360451298778,320.0,2116.180225649389,0.0,37.03590666361261,0.0,0.0,18.34274700424422,0.8024
W5_P1,12,3.2598000000000003,12.74,56.32,12.74,56.32,0.0,0.0,8.0,20.0,1.08,1,1,1,0,0,0,112.0,320.0,2160.0,0.0,36.720200000000006,0.0,0.0,18.306061510235736,0.8024
W5_P1,13,2.6898,12.812,56.32,12.812,56.32,0.0,0.0,14.0,20.0,1.29,1,1,1,0,0,0,196.0,320.0,2580.0,0.0,31.15220000000001,0.0,0.0,18.269449387215264,0.8024
W5_P1,14,3.63,8.256,52.48,8.256,52.48,0.0,0.0,20.0,20.0,1.5,1,1,1,0,0,0,280.0,320.0,3000.0,0.0,15.606000000000002,0.0,0.0,18.232910488440837,0.8024
W5_P1,15,3.8202000000000003,8.556000000000001,44.8,8.556000000000001,44.8,0.0,0.0,16.0,20.0,1.36,1,1,1,0,0,0,224.0,320.0,2720.0,0.0,12.175799999999999,0.0,0.0,18.196444667463958,0.6074
W5_P1,16,3.75,15.664,33.28,15.664,33.28,0.0,0.0,10.0,20.0,1.1500000000000001,1,1,1,0,0,0,140.0,320.0,2300.0,0.0,14.044000000000002,0.0,0.0,18.16005177812903,0.6074
W5_P1,17,3.1398,8.372,24.32,8.372,24.32,0.0,0.0,4.0,20.0,0.9400000000000001,1,1,1,0,0,0,56.0,320.0,1880.0,0.0,4.163812754309576,0.448387245690423,0.0,18.527280195694154,0.6074
W5_P1,18,2.61,7.872,11.52,7.872,11.52,0.0,0.0,4.0,12.116181025222874,0.6246472410089149,1,1,1,0,0,0,56.0,193.85889640356598,1249.2944820178298,0.0,0.0,0.041171733768210726,0.0,18.527280195694154,0.8024
W5_P1,19,2.1198,11.175999999999998,0.0,11.175999999999998,0.0,0.0,0.0,4.0,7.75,0.44999999999999996,1,1,1,0,0,0,56.0,124.0,899.9999999999999,0.0,0.0,0.0,3.1438000000000024,14.99711452419165,0.8024
W5_P1,20,1.8599999999999999,9.884,0.0,9.884,0.0,0.0,0.0,4.0,7.75,0.44999999999999996,1,1,1,0,0,0,56.0,124.0,899.9999999999999,0.0,0.0,0.0,4.176,10.327120295143265,0.8024
W5_P1,21,1.6301999999999999,9.02,0.0,9.02,0.0,0.0,0.0,4.0,7.75,0.44999999999999996,1,1,1,0,0,0,56.0,124.0,899.9999999999999,0.0,0.0,0.0,4.8102,4.9617993878863125,0.6074
W5_P1,22,1.56,6.204,0.0,6.204,0.0,0.0,0.0,4.0,7.75,0.44999999999999996,1,1,1,0,0,0,56.0,124.0,899.9999999999999,4.95203980936993,0.0,0.0,2.6039601906300702,2.0585866884104616,0.6074
W5_P1,23,1.4802,16.928,0.0,16.928,0.0,0.0,0.0,8.0,13.625,0.825,1,1,1,0,0,0,112.0,218.0,1649.9999999999998,7.006774637085355,0.0,0.004574637085356474,0.0,2.0585866884104616,0.3424
W5_P2,0,1.3698000000000001,9.776,0.0,9.776,0.0,0.0,0.0,20.0,20.0,1.5,1,1,1,0,0,0,280.0,320.0,3000.0,33.09837463708536,0.0,0.004574637085356474,0.0,2.0585866884104616,0.3424
W5_P2,1,1.0997999999999999,13.5,0.0,13.5,0.0,0.0,0.0,20.0,20.0,1.5,1,1,1,0,0,0,280.0,320.0,3000.0,29.104374637085353,0.0,0.004574637085356474,0.0,2.0585866884104616,0.3424
W5_P2,2,0.7998000000000001,15.392,0.0,15.392,0.0,0.0,0.0,20.0,20.0,1.5,1,1,1,0,0,0,280.0,320.0,3000.0,26.912374637085357,0.0,0.004574637085356474,0.0,2.0585866884104616,0.3424
W5_P2,3,0.99,13.312,0.0,13.312,0.0,0.0,0.0,20.0,20.0,1.5,1,1,1,0,0,0,280.0,320.0,3000.0,29.182574637085356,0.0,0.004574637085356474,0.0,2.0585866884104616,0.3424
W5_P2,4,1.1802000000000001,15.144,0.0,15.144,0.0,0.0,0.0,20.0,20.0,1.5,1,1,1,0,0,0,280.0,320.0,3000.0,27.540774637085356,0.0,0.004574637085356474,0.0,2.0585866884104616,0.3424
W5_P2,5,1.6301999999999999,14.315999999999999,0.0,14.315999999999999,0.0,0.0,0.0,20.0,20.0,1.5,1,1,1,0,0,0,280.0,320.0,3000.0,36.84501665758482,0.0,8.030816657584825,0.0,9.282204506859983,0.3424
W5_P2,6,2.5002,17.852,0.0,17.852,0.0,0.0,0.0,14.0,18.010313545150495,1.2104125418060199,1,1,1,0,0,0,196.0,288.1650167224079,2420.8250836120396,28.161859529009725,0.0,10.292933442053211,0.0,18.527280195694154,0.3424
W5_P2,7,3.3701999999999996,9.628,3.2,9.628,3.2,0.0,0.0,8.0,13.885313545150495,0.8354125418060199,1,1,1,0,0,0,112.0,222.16501672240793,1670.8250836120396,2.9699926449033054,0.0,0.0,10.292933442053211,7.053632921910307,0.6074
W5_P2,8,4.0098,22.324,10.88,22.324,10.88,0.0,0.0,8.110338164251207,20.0,1.0838618357487921,1,1,1,0,0,0,113.5447342995169,320.0,2167.7236714975843,0.0,0.0,0.0,0.0,7.039525656066486,0.6074
W5_P2,9,4.199999999999999,20.928,17.92,20.928,17.92,0.0,0.0,13.379710144927534,20.0,1.2682898550724637,1,1,1,0,0,0,187.3159420289855,320.0,2536.5797101449275,0.0,0.0,0.0,0.0,7.025446604754353,0.6074
W5_P2,10,4.1202,15.995999999999999,24.96,15.995999999999999,24.96,0.0,0.0,15.493526570048312,20.0,1.3422734299516907,1,1,1,0,0,0,216.90937198067635,320.0,2684.5468599033816,0.0,0.0,0.0,0.0,7.011395711544844,0.8024
W5_P2,11,3.9000000000000004,14.328000000000001,31.36,14.328000000000001,31.36,0.0,0.0,20.0,20.0,1.5,1,1,1,0,0,0,280.0,320.0,3000.0,0.0,0.28800000000000203,0.0,0.0,6.997372920121754,0.8024
W5_P2,12,3.2598000000000003,12.74,35.84,12.74,35.84,0.0,0.0,20.0,20.0,1.5,1,1,1,0,0,0,280.0,320.0,3000.0,0.0,3.1661526589656095,0.6540473410343959,0.0,7.572020781212467,0.8024
W5_P2,13,2.6898,12.812,37.12,12.812,37.12,0.0,0.0,20.0,20.0,1.5,1,1,1,0,0,0,280.0,320.0,3000.0,0.0,0.0,5.742199999999995,0.0,12.724856739650038,0.8024
W5_P2,14,3.63,8.256,32.0,8.256,32.0,0.0,0.0,15.29082125603865,20.0,1.3351787439613525,1,1,1,0,0,0,214.07149758454108,320.0,2670.357487922705,0.0,0.0,0.0,0.0,12.699407026170737,0.8024
W5_P2,15,3.8202000000000003,8.556000000000001,25.6,8.556000000000001,25.6,0.0,0.0,9.29082125603865,19.92288461538462,1.1220941285767374,1,1,1,0,0,0,130.07149758454108,318.76615384615394,2244.1882571534748,0.0,0.0,0.0,0.0,12.674008212118396,0.6074
W5_P2,16,3.75,15.664,19.2,15.664,19.2,0.0,0.0,4.0,19.65596153846154,0.9262384615384616,1,1,1,0,0,0,56.0,314.49538461538464,1852.4769230769232,0.0,0.0,6.531799999999993,0.0,18.527280195694154,0.6074
W5_P2,17,3.1398,8.372,9.6,8.372,9.6,0.0,0.0,4.0,10.280961538461538,0.5512384615384615,1,1,1,0,0,0,56.0,164.4953846153846,1102.476923076923,0.0,0.0,0.0,0.0,18.490225635302764,0.6074
W5_P2,18,2.61,7.872,3.2,7.872,3.2,0.0,0.0,4.0,7.75,0.44999999999999996,1,1,1,0,0,0,56.0,124.0,899.9999999999999,0.0,0.0,0.0,3.7380000000000013,14.299911850698823,0.8024
W5_P2,19,2.1198,11.175999999999998,0.0,11.175999999999998,0.0,0.0,0.0,4.0,7.75,0.44999999999999996,1,1,1,0,0,0,56.0,124.0,899.9999999999999,0.0,0.0,0.0,3.1438000000000024,10.77820091588631,0.8024
W5_P2,20,1.8599999999999999,9.884,0.0,9.884,0.0,0.0,0.0,4.0,7.75,0.44999999999999996,1,1,1,0,0,0,56.0,124.0,899.9999999999999,0.0,0.0,0.0,4.176,6.1166445140545385,0.8024
W5_P2,21,1.6301999999999999,9.02,0.0,9.02,0.0,0.0,0.0,4.0,7.75,0.44999999999999996,1,1,1,0,0,0,56.0,124.0,899.9999999999999,1.1726707988483738,0.0,0.0,3.6375292011516263,2.062712112635733,0.6074
W5_P2,22,1.56,6.204,0.0,6.204,0.0,0.0,0.0,8.0,13.625,0.825,1,1,1,0,0,0,112.0,218.0,1649.9999999999998,17.805999999999997,0.0,0.0,0.0,2.0585866884104616,0.6074
W5_P2,23,1.4802,16.928,0.0,16.928,0.0,0.0,0.0,14.0,17.75,1.2,1,1,1,0,0,0,196.0,284.0,2400.0,17.506774637085353,0.0,0.004574637085356474,0.0,2.0585866884104616,0.3424
W5_P3,0,1.3698000000000001,9.776,0.0,9.776,0.0,0.0,0.0,20.0,20.0,1.5,1,1,1,0,0,0,280.0,320.0,3000.0,33.09837463708536,0.0,0.004574637085356474,0.0,2.0585866884104616,0.3424
W5_P3,1,1.0997999999999999,13.5,0.0,13.5,0.0,0.0,0.0,20.0,20.0,1.5,1,1,1,0,0,0,280.0,320.0,3000.0,29.104374637085353,0.0,0.004574637085356474,0.0,2.0585866884104616,0.3424
W5_P3,2,0.7998000000000001,15.392,0.0,15.392,0.0,0.0,0.0,20.0,20.0,1.5,1,1,1,0,0,0,280.0,320.0,3000.0,26.912374637085357,0.0,0.004574637085356474,0.0,2.0585866884104616,0.3424
W5_P3,3,0.99,13.312,0.0,13.312,0.0,0.0,0.0,20.0,20.0,1.5,1,1,1,0,0,0,280.0,320.0,3000.0,29.182574637085356,0.0,0.004574637085356474,0.0,2.0585866884104616,0.3424
W5_P3,4,1.1802000000000001,15.144,0.0,15.144,0.0,0.0,0.0,20.0,20.0,1.5,1,1,1,0,0,0,280.0,320.0,3000.0,27.540774637085356,0.0,0.004574637085356474,0.0,2.0585866884104616,0.3424
W5_P3,5,1.6301999999999999,14.315999999999999,0.0,14.315999999999999,0.0,0.0,0.0,20.0,20.0,1.5,1,1,1,0,0,0,280.0,320.0,3000.0,36.84501665758482,0.0,8.030816657584825,0.0,9.282204506859983,0.3424
W5_P3,6,2.5002,17.852,0.0,17.852,0.0,0.0,0.0,20.0,20.0,1.5,1,1,1,0,0,0,280.0,320.0,3000.0,36.44113344205321,0.0,10.292933442053211,0.0,18.527280195694154,0.3424
W5_P3,7,3.3701999999999996,9.628,1.28,9.628,1.28,0.0,0.0,20.0,20.0,1.5,1,1,1,0,0,0,280.0,320.0,3000.0,33.962199999999996,0.0,0.0,0.0,18.490225635302764,0.6074
W5_P3,8,4.0098,22.324,3.2,22.324,3.2,0.0,0.0,16.0,20.0,1.36,1,1,1,0,0,0,224.0,320.0,2720.0,15.845799999999999,0.0,0.0,0.0,18.45324518403216,0.6074
W5_P3,9,4.199999999999999,20.928,5.12,20.928,5.12,0.0,0.0,10.0,20.0,1.1500000000000001,1,1,1,0,0,0,140.0,320.0,2300.0,9.301999999999998,0.0,0.0,0.0,18.416338693664095,0.6074
W5_P3,10,4.1202,15.995999999999999,7.68,15.995999999999999,7.68,0.0,0.0,4.0,15.875000000000004,0.7750000000000001,1,1,1,0,0,0,56.0,254.00000000000006,1550.0000000000002,0.0,0.0,0.0,1.0942000000000078,17.16372823849898,0.8024
W5_P3,11,3.9000000000000004,14.328000000000001,11.52,14.328000000000001,11.52,0.0,0.0,4.0,17.123076923076923,0.8249230769230769,1,1,1,0,0,0,56.0,273.96923076923076,1649.8461538461538,0.0,0.0,0.0,0.0,17.129400782021982,0.8024
W5_P3,12,3.2598000000000003,12.74,14.08,12.74,14.08,0.0,0.0,4.0,18.673269230769233,0.8869307692307691,1,1,1,0,0,0,56.0,298.7723076923077,1773.8615384615382,0.0,0.0,0.0,0.0,17.09514198045794,0.8024
W5_P3,13,2.6898,12.812,14.08,12.812,14.08,0.0,0.0,4.0,19.29057692307692,0.9116230769230768,1,1,1,0,0,0,56.0,308.6492307692307,1823.2461538461534,0.0,0.0,0.0,0.0,17.06095169649702,0.8024
W5_P3,14,3.63,8.256,11.52,8.256,11.52,0.0,0.0,4.0,11.544230769230769,0.6017692307692307,1,1,1,0,0,0,56.0,184.7076923076923,1203.5384615384614,0.0,0.0,0.0,0.0,17.026829793104028,0.8024
W5_P3,15,3.8202000000000003,8.556000000000001,7.04,8.556000000000001,7.04,0.0,0.0,5.0505494505494495,20.0,0.9767692307692307,1,1,1,0,0,0,70.7076923076923,320.0,1953.5384615384614,14.25151868131868,0.0,0.0,0.0,16.99277613351782,0.6074
W5_P3,16,3.75,15.664,5.12,15.664,5.12,0.0,0.0,11.050549450549452,20.0,1.1867692307692308,1,1,1,0,0,0,154.70769230769233,320.0,2373.5384615384614,15.203318681318684,0.0,0.0,0.0,16.95879058125078,0.6074
W5_P3,17,3.1398,8.372,3.2,8.372,3.2,0.0,0.0,5.050549450549451,20.0,0.9767692307692307,1,1,1,0,0,0,70.70769230769231,320.0,1953.5384615384614,19.375571120880767,0.0,1.7804524395620822,0.0,18.527280195694154,0.6074
W5_P3,18,2.61,7.872,1.28,7.872,1.28,0.0,0.0,4.0,11.544230769230769,0.6017692307692307,1,1,1,0,0,0,56.0,184.7076923076923,1203.5384615384614,0.0,0.0,0.0,9.604000000000001,7.819114524191651,0.8024
W5_P3,19,2.1198,11.175999999999998,0.0,11.175999999999998,0.0,0.0,0.0,4.0,7.75,0.44999999999999996,1,1,1,0,0,0,56.0,124.0,899.9999999999999,0.0,0.0,0.0,3.1438000000000024,4.310365184032154,0.8024
W5_P3,20,1.8599999999999999,9.884,0.0,9.884,0.0,0.0,0.0,4.0,10.658461538461575,0.566338461538463,1,1,1,0,0,0,56.0,170.5353846153852,1132.676923076926,5.181958011271773,0.0,0.0,2.018841988728265,2.0585866884104616,0.8024
W5_P3,21,1.6301999999999999,9.02,0.0,9.02,0.0,0.0,0.0,8.0,16.533461538461577,0.941338461538463,1,1,1,0,0,0,112.0,264.5353846153852,1882.676923076926,18.089574637085395,0.0,0.004574637085356474,0.0,2.0585866884104616,0.6074
W5_P3,22,1.56,6.204,0.0,6.204,0.0,0.0,0.0,14.0,20.0,1.29,1,1,1,0,0,0,196.0,320.0,2580.0,30.650574637085356,0.0,0.004574637085356474,0.0,2.0585866884104616,0.6074
W5_P3,23,1.4802,16.928,0.0,16.928,0.0,0.0,0.0,20.0,20.0,1.5,1,1,1,0,0,0,280.0,320.0,3000.0,26.056774637085354,0.0,0.004574637085356474,0.0,2.0585866884104616,0.3424
W5_P4,0,1.3698000000000001,9.776,0.0,9.776,0.0,0.0,0.0,20.0,20.0,1.5,1,1,1,0,0,0,280.0,320.0,3000.0,33.09837463708536,0.0,0.004574637085356474,0.0,2.0585866884104616,0.3424
W5_P4,1,1.0997999999999999,13.5,0.0,13.5,0.0,0.0,0.0,20.0,20.0,1.5,1,1,1,0,0,0,280.0,320.0,3000.0,29.104374637085357,0.0,0.004574637085356474,0.0,2.0585866884104616,0.3424
W5_P4,2,0.7998000000000001,15.392,0.0,15.392,0.0,0.0,0.0,20.0,20.0,1.5,1,1,1,0,0,0,280.0,320.0,3000.0,26.912374637085357,0.0,0.004574637085356474,0.0,2.0585866884104616,0.3424
W5_P4,3,0.99,13.312,0.0,13.312,0.0,0.0,0.0,20.0,20.0,1.5,1,1,1,0,0,0,280.0,320.0,3000.0,29.182574637085356,0.0,0.004574637085356474,0.0,2.0585866884104616,0.3424
W5_P4,4,1.1802000000000001,15.144,0.0,15.144,0.0,0.0,0.0,20.0,20.0,1.5,1,1,1,0,0,0,280.0,320.0,3000.0,27.540774637085356,0.0,0.004574637085356474,0.0,2.0585866884104616,0.3424
W5_P4,5,1.6301999999999999,14.315999999999999,0.0,14.315999999999999,0.0,0.0,0.0,20.0,20.0,1.5,1,1,1,0,0,0,280.0,320.0,3000.0,36.84501665758482,0.0,8.030816657584825,0.0,9.282204506859983,0.3424
W5_P4,6,2.5002,17.852,0.0,17.852,0.0,0.0,0.0,20.0,20.0,1.5,1,1,1,0,0,0,280.0,320.0,3000.0,36.44113344205321,0.0,10.292933442053211,0.0,18.527280195694154,0.3424
W5_P4,7,3.3701999999999996,9.628,0.0,9.628,0.0,0.0,0.0,20.0,20.0,1.5,1,1,1,0,0,0,280.0,320.0,3000.0,35.2422,0.0,0.0,0.0,18.490225635302764,0.6074
W5_P4,8,4.0098,22.324,0.0,22.324,0.0,0.0,0.0,16.0,20.0,1.36,1,1,1,0,0,0,224.0,320.0,2720.0,19.0458,0.0,0.0,0.0,18.45324518403216,0.6074
W5_P4,9,4.199999999999999,20.928,0.0,20.928,0.0,0.0,0.0,10.0,20.0,1.1500000000000001,1,1,1,0,0,0,140.0,320.0,2300.0,14.545268335588952,0.0,0.12326833558895424,0.0,18.527280195694154,0.6074
W5_P4,10,4.1202,15.995999999999999,0.0,15.995999999999999,0.0,0.0,0.0,4.0,15.875000000000004,0.7750000000000001,1,1,1,0,0,0,56.0,254.00000000000006,1550.0000000000002,0.0,0.0,0.0,8.774200000000008,8.741114524191644,0.8024
W5_P4,11,3.9000000000000004,14.328000000000001,1.28,14.328000000000001,1.28,0.0,0.0,4.0,7.75,0.44999999999999996,1,1,1,0,0,0,56.0,124.0,899.9999999999999,0.0,0.0,0.0,0.4920000000000009,8.176965628476594,0.8024
W5_P4,12,3.2598000000000003,12.74,5.12,12.74,5.12,0.0,0.0,4.0,10.057884615384614,0.5423153846153845,1,1,1,0,0,0,56.0,160.92615384615382,1084.6307692307691,0.0,0.0,0.0,0.0,8.160611697219641,0.8024
W5_P4,13,2.6898,12.812,7.68,12.812,7.68,0.0,0.0,4.0,13.136730769230766,0.6654692307692307,1,1,1,0,0,0,56.0,210.18769230769226,1330.9384615384613,0.0,0.0,0.0,0.0,8.144290473825203,0.8024
W5_P4,14,3.63,8.256,5.12,8.256,5.12,0.0,0.0,4.0,13.936076923076921,0.6974430769230768,1,1,1,0,0,0,56.0,222.97723076923074,1394.8861538461535,3.4250463159796167,0.0,0.0,5.462473684020382,2.0585866884104616,0.8024
W5_P4,15,3.8202000000000003,8.556000000000001,1.28,8.556000000000001,1.28,0.0,0.0,7.784087912087915,20.0,1.0724430769230768,1,1,1,0,0,0,108.97723076923081,320.0,2144.886153846154,22.845305626096348,0.0,0.004574637085356474,0.0,2.0585866884104616,0.6074
W5_P4,16,3.75,15.664,0.0,15.664,0.0,0.0,0.0,13.784087912087916,20.0,1.282443076923077,1,1,1,0,0,0,192.97723076923083,320.0,2564.886153846154,31.18334764659582,0.0,8.030816657584825,0.0,9.282204506859983,0.6074
W5_P4,17,3.1398,8.372,0.0,8.372,0.0,0.0,0.0,7.784087912087917,20.0,1.0724430769230768,1,1,1,0,0,0,108.97723076923083,320.0,2144.886153846154,33.917264431064204,0.0,10.292933442053211,0.0,18.527280195694154,0.6074
W5_P4,18,2.61,7.872,0.0,7.872,0.0,0.0,0.0,4.0,13.936076923076921,0.6974430769230768,1,1,1,0,0,0,56.0,222.97723076923074,1394.8861538461535,3.078586557946787,0.0,0.0,10.292933442053211,7.053632921910307,0.8024
W5_P4,19,2.1198,11.175999999999998,0.0,11.175999999999998,0.0,0.0,0.0,4.0,7.75,0.44999999999999996,1,1,1,0,0,0,56.0,124.0,899.9999999999999,0.0,0.0,0.0,3.1438000000000024,3.546414544955372,0.8024
W5_P4,20,1.8599999999999999,9.884,0.0,9.884,0.0,0.0,0.0,4.0,15.875000000000004,0.7750000000000001,1,1,1,0,0,0,56.0,254.00000000000006,1550.0000000000002,11.293338475290504,0.0,0.0,1.3326615247094997,2.0585866884104616,0.8024
W5_P4,21,1.6301999999999999,9.02,0.0,9.02,0.0,0.0,0.0,10.0,20.0,1.1500000000000001,1,1,1,0,0,0,140.0,320.0,2300.0,23.764774637085356,0.0,0.004574637085356474,0.0,2.0585866884104616,0.6074
W5_P4,22,1.56,6.204,0.0,6.204,0.0,0.0,0.0,16.0,20.0,1.36,1,1,1,0,0,0,224.0,320.0,2720.0,32.72057463708535,0.0,0.004574637085356474,0.0,2.0585866884104616,0.6074
W5_P4,23,1.4802,16.928,0.0,16.928,0.0,0.0,0.0,20.0,20.0,1.5,1,1,1,0,0,0,280.0,320.0,3000.0,26.056774637085354,0.0,0.004574637085356474,0.0,2.0585866884104616,0.3424
W6_P1,0,1.3698000000000001,9.448,0.0,9.448,0.0,0.0,0.0,14.0,17.75,1.2,1,1,1,0,0,0,196.0,284.0,2400.0,24.876374637085355,0.0,0.004574637085356474,0.0,2.0585866884104616,0.3424
W6_P1,1,1.0997999999999999,10.504,0.0,10.504,0.0,0.0,0.0,20.0,20.0,1.5,1,1,1,0,0,0,280.0,320.0,3000.0,32.10037463708535,0.0,0.004574637085356474,0.0,2.0585866884104616,0.3424
W6_P1,2,0.7998000000000001,11.788,0.0,11.788,0.0,0.0,0.0,20.0,20.0,1.5,1,1,1,0,0,0,280.0,320.0,3000.0,30.516374637085356,0.0,0.004574637085356474,0.0,2.0585866884104616,0.3424
W6_P1,3,0.99,11.504000000000001,0.0,11.504000000000001,0.0,0.0,0.0,20.0,20.0,1.5,1,1,1,0,0,0,280.0,320.0,3000.0,30.990574637085352,0.0,0.004574637085356474,0.0,2.0585866884104616,0.3424
W6_P1,4,1.1802000000000001,11.16,0.0,11.16,0.0,0.0,0.0,20.0,20.0,1.5,1,1,1,0,0,0,280.0,320.0,3000.0,31.524774637085354,0.0,0.004574637085356474,0.0,2.0585866884104616,0.3424
W6_P1,5,1.6301999999999999,10.964,0.0,10.964,0.0,0.0,0.0,20.0,20.0,1.5,1,1,1,0,0,0,280.0,320.0,3000.0,40.197016657584825,0.0,8.030816657584825,0.0,9.282204506859983,0.3424
W6_P1,6,2.5002,10.744,14.08,10.744,14.08,0.0,0.0,20.0,20.0,1.5,1,1,1,0,0,0,280.0,320.0,3000.0,29.469133442053213,0.0,10.292933442053211,0.0,18.527280195694154,0.3424
W6_P1,7,3.3701999999999996,10.34,25.6,10.34,25.6,0.0,0.0,14.0,17.384423076923078,1.185376923076923,1,1,1,0,0,0,196.0,278.15076923076924,2370.753846153846,0.0,0.0,0.0,0.0,18.490225635302764,0.6074
W6_P1,8,4.0098,9.671999999999999,37.12,9.671999999999999,37.12,0.0,0.0,14.0,20.0,1.29,1,1,1,0,0,0,196.0,320.0,2580.0,0.0,7.492199999999993,0.0,0.0,18.45324518403216,0.6074
W6_P1,9,4.199999999999999,6.9479999999999995,46.08,6.9479999999999995,46.08,0.0,0.0,20.0,20.0,1.5,1,1,1,0,0,0,280.0,320.0,3000.0,0.0,7.328000000000003,0.0,0.0,18.416338693664095,0.6074
W6_P1,10,4.1202,6.04,52.48,6.04,52.48,0.0,0.0,16.0,20.0,1.36,1,1,1,0,0,0,224.0,320.0,2720.0,0.0,17.039800000000003,0.0,0.0,18.379506016276768,0.8024
W6_P1,11,3.9000000000000004,6.06,55.04,6.06,55.04,0.0,0.0,10.0,20.0,1.1500000000000001,1,1,1,0,0,0,140.0,320.0,2300.0,0.0,26.049999999999997,0.0,0.0,18.342747004244213,0.8024
W6_P1,12,3.2598000000000003,6.5280000000000005,56.32,6.5280000000000005,56.32,0.0,0.0,16.0,20.0,1.36,1,1,1,0,0,0,224.0,320.0,2720.0,0.0,22.228200000000005,0.0,0.0,18.306061510235725,0.8024
W6_P1,13,2.6898,5.768,56.32,5.768,56.32,0.0,0.0,10.0,20.0,1.1500000000000001,1,1,1,0,0,0,140.0,320.0,2300.0,0.0,28.248199999999997,0.0,0.0,18.269449387215253,0.8024
W6_P1,14,3.63,5.432,52.48,5.432,52.48,0.0,0.0,4.0,20.0,0.9400000000000001,1,1,1,0,0,0,56.0,320.0,1880.0,0.0,29.341999999999995,0.0,0.0,18.232910488440822,0.8024
W6_P1,15,3.8202000000000003,5.368,44.8,5.368,44.8,0.0,0.0,9.371641483895214,20.0,1.1280074519363326,1,1,1,0,0,0,131.202980774533,320.0,2256.014903872665,0.0,15.848151064168453,0.0,0.0,18.19644466746394,0.6074
W6_P1,16,3.75,6.656,33.28,6.656,33.28,0.0,0.0,14.057790100782185,20.0,1.2920226535273764,1,1,1,0,0,0,196.8090614109506,320.0,2584.045307054753,0.0,0.8361872456904376,0.0,0.0,18.160051778129013,0.6074
W6_P1,17,3.1398,8.408,24.32,8.408,24.32,0.0,0.0,8.057790100782183,20.0,1.0820226535273765,1,1,1,0,0,0,112.80906141095056,320.0,2164.045307054753,0.0,0.0,0.4483872456904415,0.0,18.527280195694154,0.6074
W6_P1,18,2.61,10.808,11.52,10.808,11.52,0.0,0.0,4.0,14.939257948299796,0.7375703179319919,1,1,1,0,0,0,56.0,239.02812717279673,1475.1406358639838,0.0,0.0,0.041171733768210726,0.0,18.527280195694154,0.8024
W6_P1,19,2.1198,9.604000000000001,0.0,9.604000000000001,0.0,0.0,0.0,4.0,7.75,0.44999999999999996,1,1,1,0,0,0,56.0,124.0,899.9999999999999,0.0,0.0,0.0,4.7158,13.250447857524986,0.8024
W6_P1,20,1.8599999999999999,6.832000000000001,0.0,6.832000000000001,0.0,0.0,0.0,4.0,7.75,0.44999999999999996,1,1,1,0,0,0,56.0,124.0,899.9999999999999,0.0,0.0,0.0,7.228,5.192835850698826,0.8024
W6_P1,21,1.6301999999999999,8.384,0.0,8.384,0.0,0.0,0.0,4.0,7.75,0.44999999999999996,1,1,1,0,0,0,56.0,124.0,899.9999999999999,2.638435740274474,0.0,0.0,2.8077642597255252,2.062712112635733,0.6074
W6_P1,22,1.56,7.688000000000001,0.0,7.688000000000001,0.0,0.0,0.0,4.0,7.75,0.44999999999999996,1,1,1,0,0,0,56.0,124.0,899.9999999999999,6.071999999999999,0.0,0.0,0.0,2.0585866884104616,0.6074
W6_P1,23,1.4802,9.671999999999999,0.0,9.671999999999999,0.0,0.0,0.0,8.0,13.625,0.825,1,1,1,0,0,0,112.0,218.0,1649.9999999999998,14.262774637085357,0.0,0.004574637085356474,0.0,2.0585866884104616,0.3424
W6_P2,0,1.3698000000000001,9.448,0.0,9.448,0.0,0.0,0.0,20.0,20.0,1.5,1,1,1,0,0,0,280.0,320.0,3000.0,33.42637463708535,0.0,0.004574637085356474,0.0,2.0585866884104616,0.3424
W6_P2,1,1.0997999999999999,10.504,0.0,10.504,0.0,0.0,0.0,20.0,20.0,1.5,1,1,1,0,0,0,280.0,320.0,3000.0,32.10037463708536,0.0,0.004574637085356474,0.0,2.0585866884104616,0.3424
W6_P2,2,0.7998000000000001,11.788,0.0,11.788,0.0,0.0,0.0,20.0,20.0,1.5,1,1,1,0,0,0,280.0,320.0,3000.0,30.516374637085356,0.0,0.004574637085356474,0.0,2.0585866884104616,0.3424
W6_P2,3,0.99,11.504000000000001,0.0,11.504000000000001,0.0,0.0,0.0,20.0,20.0,1.5,1,1,1,0,0,0,280.0,320.0,3000.0,30.990574637085352,0.0,0.004574637085356474,0.0,2.0585866884104616,0.3424
W6_P2,4,1.1802000000000001,11.16,0.0,11.16,0.0,0.0,0.0,20.0,20.0,1.5,1,1,1,0,0,0,280.0,320.0,3000.0,31.524774637085354,0.0,0.004574637085356474,0.0,2.0585866884104616,0.3424
W6_P2,5,1.6301999999999999,10.964,0.0,10.964,0.0,0.0,0.0,20.0,20.0,1.5,1,1,1,0,0,0,280.0,320.0,3000.0,40.197016657584825,0.0,8.030816657584825,0.0,9.282204506859983,0.3424
W6_P2,6,2.5002,10.744,0.0,10.744,0.0,0.0,0.0,20.0,20.0,1.5,1,1,1,0,0,0,280.0,320.0,3000.0,43.54913344205321,0.0,10.292933442053211,0.0,18.527280195694154,0.3424
W6_P2,7,3.3701999999999996,10.34,3.2,10.34,3.2,0.0,0.0,14.0,15.875,1.125,1,1,1,0,0,0,196.0,254.0,2250.0,19.014469122559035,0.0,0.0,1.8157308774409677,16.472746882590577,0.6074
W6_P2,8,4.0098,9.671999999999999,10.88,9.671999999999999,10.88,0.0,0.0,8.0,20.0,1.08,1,1,1,0,0,0,112.0,320.0,2160.0,12.5378,0.0,0.0,0.0,16.439801388825398,0.6074
W6_P2,9,4.199999999999999,6.9479999999999995,17.92,6.9479999999999995,17.92,0.0,0.0,4.0,15.892307692307694,0.7756923076923077,1,1,1,0,0,0,56.0,254.2769230769231,1551.3846153846152,0.0,0.0,0.0,0.0,16.406921786047747,0.6074
W6_P2,10,4.1202,6.04,24.96,6.04,24.96,0.0,0.0,6.289855072463768,19.586346153846154,1.003598773690078,1,1,1,0,0,0,88.05797101449275,313.38153846153847,2007.197547380156,0.0,0.0,0.0,0.0,16.37410794247565,0.8024
W6_P2,11,3.9000000000000004,6.06,31.36,6.06,31.36,0.0,0.0,12.28985507246377,20.0,1.2301449275362317,1,1,1,0,0,0,172.05797101449278,320.0,2460.2898550724635,0.0,0.0,0.0,0.0,16.3413597265907,0.8024
W6_P2,12,3.2598000000000003,6.5280000000000005,35.84,6.5280000000000005,35.84,0.0,0.0,17.689082125603864,20.0,1.4191178743961352,1,1,1,0,0,0,247.6471497584541,320.0,2838.2357487922704,0.0,0.0,0.0,0.0,16.30867700713752,0.8024
W6_P2,13,2.6898,5.768,37.12,5.768,37.12,0.0,0.0,18.562318840579714,20.0,1.4496811594202899,1,1,1,0,0,0,259.872463768116,320.0,2899.3623188405795,0.0,0.0,0.18619999999999237,0.0,16.44363965312324,0.8024
W6_P2,14,3.63,5.432,32.0,5.432,32.0,0.0,0.0,12.562318840579712,20.0,1.23968115942029,1,1,1,0,0,0,175.87246376811598,320.0,2479.3623188405795,0.0,0.0,0.0,0.0,16.41075237381699,0.8024
W6_P2,15,3.8202000000000003,5.368,25.6,5.368,25.6,0.0,0.0,6.562318840579713,19.572884615384616,1.0125965440356746,1,1,1,0,0,0,91.87246376811598,313.16615384615386,2025.193088071349,0.0,0.0,0.0,0.0,16.377930869069356,0.6074
W6_P2,16,3.75,6.656,19.2,6.656,19.2,0.0,0.0,4.0,17.275,0.8309999999999997,1,1,1,0,0,0,56.0,276.4,1661.9999999999995,0.0,0.0,0.0,0.0,16.345175007331218,0.6074
W6_P2,17,3.1398,8.408,9.6,8.408,9.6,0.0,0.0,4.0,10.31557692307692,0.5526230769230768,1,1,1,0,0,0,56.0,165.04923076923072,1105.2461538461534,0.0,0.0,0.0,0.0,16.312484657316556,0.6074
W6_P2,18,2.61,10.808,3.2,10.808,3.2,0.0,0.0,4.0,7.75,0.44999999999999996,1,1,1,0,0,0,56.0,124.0,899.9999999999999,0.0,0.0,0.0,0.8020000000000014,15.388748576890812,0.8024
W6_P2,19,2.1198,9.604000000000001,0.0,9.604000000000001,0.0,0.0,0.0,4.0,7.75,0.44999999999999996,1,1,1,0,0,0,56.0,124.0,899.9999999999999,0.0,0.0,0.0,4.7158,10.118193301959252,0.8024
W6_P2,20,1.8599999999999999,6.832000000000001,0.0,6.832000000000001,0.0,0.0,0.0,4.0,7.75,0.44999999999999996,1,1,1,0,0,0,56.0,124.0,899.9999999999999,0.0,0.0,0.0,7.228,2.0668458042442213,0.8024
W6_P2,21,1.6301999999999999,8.384,0.0,8.384,0.0,0.0,0.0,8.0,13.146604422147881,0.8058641768859152,1,1,1,0,0,0,112.0,210.3456707543661,1611.7283537718304,15.198668599033796,0.0,0.0,0.0,2.062712112635733,0.6074
W6_P2,22,1.56,7.688000000000001,0.0,7.688000000000001,0.0,0.0,0.0,14.0,15.875,1.125,1,1,1,0,0,0,196.0,254.0,2250.0,24.872,0.0,0.0,0.0,2.0585866884104616,0.6074
W6_P2,23,1.4802,9.671999999999999,0.0,9.671999999999999,0.0,0.0,0.0,20.0,20.0,1.5,1,1,1,0,0,0,280.0,320.0,3000.0,33.312774637085354,0.0,0.004574637085356474,0.0,2.0585866884104616,0.3424
W6_P3,0,1.3698000000000001,9.448,0.0,9.448,0.0,0.0,0.0,20.0,20.0,1.5,1,1,1,0,0,0,280.0,320.0,3000.0,33.42637463708535,0.0,0.004574637085356474,0.0,2.0585866884104616,0.3424
W6_P3,1,1.0997999999999999,10.504,0.0,10.504,0.0,0.0,0.0,20.0,20.0,1.5,1,1,1,0,0,0,280.0,320.0,3000.0,32.10037463708536,0.0,0.004574637085356474,0.0,2.0585866884104616,0.3424
W6_P3,2,0.7998000000000001,11.788,0.0,11.788,0.0,0.0,0.0,20.0,20.0,1.5,1,1,1,0,0,0,280.0,320.0,3000.0,30.516374637085356,0.0,0.004574637085356474,0.0,2.0585866884104616,0.3424
W6_P3,3,0.99,11.504000000000001,0.0,11.504000000000001,0.0,0.0,0.0,20.0,20.0,1.5,1,1,1,0,0,0,280.0,320.0,3000.0,30.990574637085352,0.0,0.004574637085356474,0.0,2.0585866884104616,0.3424
W6_P3,4,1.1802000000000001,11.16,0.0,11.16,0.0,0.0,0.0,20.0,20.0,1.5,1,1,1,0,0,0,280.0,320.0,3000.0,31.524774637085354,0.0,0.004574637085356474,0.0,2.0585866884104616,0.3424
W6_P3,5,1.6301999999999999,10.964,0.0,10.964,0.0,0.0,0.0,20.0,20.0,1.5,1,1,1,0,0,0,280.0,320.0,3000.0,40.197016657584825,0.0,8.030816657584825,0.0,9.282204506859983,0.3424
W6_P3,6,2.5002,10.744,0.0,10.744,0.0,0.0,0.0,20.0,20.0,1.5,1,1,1,0,0,0,280.0,320.0,3000.0,43.54913344205321,0.0,10.292933442053211,0.0,18.527280195694154,0.3424
W6_P3,7,3.3701999999999996,10.34,1.28,10.34,1.28,0.0,0.0,20.0,20.0,1.5,1,1,1,0,0,0,280.0,320.0,3000.0,33.2502,0.0,0.0,0.0,18.490225635302764,0.6074
W6_P3,8,4.0098,9.671999999999999,3.2,9.671999999999999,3.2,0.0,0.0,16.0,20.0,1.36,1,1,1,0,0,0,224.0,320.0,2720.0,28.497799999999998,0.0,0.0,0.0,18.45324518403216,0.6074
W6_P3,9,4.199999999999999,6.9479999999999995,5.12,6.9479999999999995,5.12,0.0,0.0,10.0,20.0,1.1500000000000001,1,1,1,0,0,0,140.0,320.0,2300.0,23.405268335588953,0.0,0.12326833558895424,0.0,18.527280195694154,0.6074
W6_P3,10,4.1202,6.04,7.68,6.04,7.68,0.0,0.0,4.0,15.875000000000004,0.7750000000000001,1,1,1,0,0,0,56.0,254.00000000000006,1550.0000000000002,0.7572665579467959,0.0,0.0,10.292933442053211,7.053632921910307,0.8024
W6_P3,11,3.9000000000000004,6.06,11.52,6.06,11.52,0.0,0.0,4.0,9.17307692307692,0.5069230769230768,1,1,1,0,0,0,56.0,146.76923076923072,1013.8461538461536,0.0,0.0,0.0,0.0,7.039525656066486,0.8024
W6_P3,12,3.2598000000000003,6.5280000000000005,14.08,6.5280000000000005,14.08,0.0,0.0,4.0,12.700192307692307,0.6480076923076922,1,1,1,0,0,0,56.0,203.2030769230769,1296.0153846153844,0.0,0.0,0.0,0.0,7.025446604754353,0.8024
W6_P3,13,2.6898,5.768,14.08,5.768,14.08,0.0,0.0,4.0,12.517499999999998,0.6406999999999999,1,1,1,0,0,0,56.0,200.27999999999997,1281.3999999999999,0.0,0.0,0.0,0.0,7.011395711544844,0.8024
W6_P3,14,3.63,5.432,11.52,5.432,11.52,0.0,0.0,4.0,13.24684615384615,0.669873846153846,1,1,1,0,0,0,56.0,211.9495384615384,1339.747692307692,0.14981239145983416,0.0,0.0,4.444907608540163,2.0585866884104616,0.8024
W6_P3,15,3.8202000000000003,5.368,7.04,5.368,7.04,0.0,0.0,6.996395604395604,20.0,1.044873846153846,1,1,1,0,0,0,97.94953846153847,320.0,2089.747692307692,19.458044087634804,0.0,0.004574637085356474,0.0,2.0585866884104616,0.6074
W6_P3,16,3.75,6.656,5.12,6.656,5.12,0.0,0.0,12.996395604395605,20.0,1.2548738461538462,1,1,1,0,0,0,181.94953846153848,320.0,2509.7476923076924,34.256086108134284,0.0,8.030816657584825,0.0,9.282204506859983,0.6074
W6_P3,17,3.1398,8.408,3.2,8.408,3.2,0.0,0.0,6.996395604395606,20.0,1.0448738461538463,1,1,1,0,0,0,97.94953846153848,320.0,2089.7476923076924,29.866002892602665,0.0,10.292933442053211,0.0,18.527280195694154,0.6074
W6_P3,18,2.61,10.808,1.28,10.808,1.28,0.0,0.0,4.0,13.246846153846157,0.6698738461538463,1,1,1,0,0,0,56.0,211.9495384615385,1339.7476923076924,0.0,0.0,0.0,8.438720000000004,9.113870079747205,0.8024
W6_P3,19,2.1198,9.604000000000001,0.0,9.604000000000001,0.0,0.0,0.0,4.0,7.75,0.44999999999999996,1,1,1,0,0,0,56.0,124.0,899.9999999999999,0.0,0.0,0.0,4.7158,3.855864561809933,0.8024
W6_P3,20,1.8599999999999999,6.832000000000001,0.0,6.832000000000001,0.0,0.0,0.0,4.0,15.875000000000004,0.7750000000000001,1,1,1,0,0,0,56.0,254.00000000000006,1550.0000000000002,14.067390470151738,0.0,0.0,1.6106095298482666,2.0585866884104616,0.8024
W6_P3,21,1.6301999999999999,8.384,0.0,8.384,0.0,0.0,0.0,10.0,20.0,1.1500000000000001,1,1,1,0,0,0,140.0,320.0,2300.0,24.400774637085355,0.0,0.004574637085356474,0.0,2.0585866884104616,0.6074
W6_P3,22,1.56,7.688000000000001,0.0,7.688000000000001,0.0,0.0,0.0,16.0,20.0,1.36,1,1,1,0,0,0,224.0,320.0,2720.0,31.236574637085354,0.0,0.004574637085356474,0.0,2.0585866884104616,0.6074
W6_P3,23,1.4802,9.671999999999999,0.0,9.671999999999999,0.0,0.0,0.0,20.0,20.0,1.5,1,1,1,0,0,0,280.0,320.0,3000.0,33.312774637085354,0.0,0.004574637085356474,0.0,2.0585866884104616,0.3424
W6_P4,0,1.3698000000000001,9.448,0.0,9.448,0.0,0.0,0.0,20.0,20.0,1.5,1,1,1,0,0,0,280.0,320.0,3000.0,33.42637463708535,0.0,0.004574637085356474,0.0,2.0585866884104616,0.3424
W6_P4,1,1.0997999999999999,10.504,0.0,10.504,0.0,0.0,0.0,20.0,20.0,1.5,1,1,1,0,0,0,280.0,320.0,3000.0,32.10037463708535,0.0,0.004574637085356474,0.0,2.0585866884104616,0.3424
W6_P4,2,0.7998000000000001,11.788,0.0,11.788,0.0,0.0,0.0,20.0,20.0,1.5,1,1,1,0,0,0,280.0,320.0,3000.0,30.516374637085356,0.0,0.004574637085356474,0.0,2.0585866884104616,0.3424
W6_P4,3,0.99,11.504000000000001,0.0,11.504000000000001,0.0,0.0,0.0,20.0,20.0,1.5,1,1,1,0,0,0,280.0,320.0,3000.0,30.990574637085352,0.0,0.004574637085356474,0.0,2.0585866884104616,0.3424
W6_P4,4,1.1802000000000001,11.16,0.0,11.16,0.0,0.0,0.0,20.0,20.0,1.5,1,1,1,0,0,0,280.0,320.0,3000.0,31.524774637085354,0.0,0.004574637085356474,0.0,2.0585866884104616,0.3424
W6_P4,5,1.6301999999999999,10.964,0.0,10.964,0.0,0.0,0.0,20.0,20.0,1.5,1,1,1,0,0,0,280.0,320.0,3000.0,40.197016657584825,0.0,8.030816657584825,0.0,9.282204506859983,0.3424
W6_P4,6,2.5002,10.744,0.0,10.744,0.0,0.0,0.0,20.0,20.0,1.5,1,1,1,0,0,0,280.0,320.0,3000.0,43.54913344205321,0.0,10.292933442053211,0.0,18.527280195694154,0.3424
W6_P4,7,3.3701999999999996,10.34,0.0,10.34,0.0,0.0,0.0,20.0,20.0,1.5,1,1,1,0,0,0,280.0,320.0,3000.0,34.5302,0.0,0.0,0.0,18.490225635302764,0.6074
W6_P4,8,4.0098,9.671999999999999,0.0,9.671999999999999,0.0,0.0,0.0,16.0,20.0,1.36,1,1,1,0,0,0,224.0,320.0,2720.0,31.6978,0.0,0.0,0.0,18.45324518403216,0.6074
W6_P4,9,4.199999999999999,6.9479999999999995,0.0,6.9479999999999995,0.0,0.0,0.0,10.0,20.0,1.1500000000000001,1,1,1,0,0,0,140.0,320.0,2300.0,28.525268335588954,0.0,0.12326833558895424,0.0,18.527280195694154,0.6074
W6_P4,10,4.1202,6.04,0.0,6.04,0.0,0.0,0.0,4.0,15.875000000000004,0.7750000000000001,1,1,1,0,0,0,56.0,254.00000000000006,1550.0000000000002,8.437266557946792,0.0,0.0,10.292933442053211,7.053632921910307,0.8024
W6_P4,11,3.9000000000000004,6.06,1.28,6.06,1.28,0.0,0.0,4.0,7.75,0.44999999999999996,1,1,1,0,0,0,56.0,124.0,899.9999999999999,4.288315911363611,0.0,0.0,4.47168408863639,2.070987779803829,0.8024
W6_P4,12,3.2598000000000003,6.5280000000000005,5.12,6.5280000000000005,5.12,0.0,0.0,4.0,7.75,0.44999999999999996,1,1,1,0,0,0,56.0,124.0,899.9999999999999,3.8118000000000007,0.0,0.0,0.0,2.0668458042442217,0.8024
W6_P4,13,2.6898,5.768,7.68,5.768,7.68,0.0,0.0,4.0,7.75,0.44999999999999996,1,1,1,0,0,0,56.0,124.0,899.9999999999999,1.4418000000000006,0.0,0.0,0.0,2.062712112635733,0.8024
W6_P4,14,3.63,5.432,5.12,5.432,5.12,0.0,0.0,4.0,15.475000000000005,0.7590000000000001,1,1,1,0,0,0,56.0,247.60000000000008,1518.0000000000002,13.312000000000005,0.0,0.0,0.0,2.0585866884104616,0.8024
W6_P4,15,3.8202000000000003,5.368,1.28,5.368,1.28,0.0,0.0,9.542857142857143,20.0,1.1340000000000001,1,1,1,0,0,0,133.6,320.0,2268.0,27.853631779942496,0.0,0.004574637085356474,0.0,2.0585866884104616,0.6074
W6_P4,16,3.75,6.656,0.0,6.656,0.0,0.0,0.0,15.542857142857144,20.0,1.344,1,1,1,0,0,0,217.60000000000002,320.0,2688.0,42.01167380044197,0.0,8.030816657584825,0.0,9.282204506859983,0.6074
W6_P4,17,3.1398,8.408,0.0,8.408,0.0,0.0,0.0,9.542857142857144,20.0,1.1340000000000001,1,1,1,0,0,0,133.60000000000002,320.0,2268.0,35.70159058491036,0.0,10.292933442053211,0.0,18.527280195694154,0.6074
W6_P4,18,2.61,10.808,0.0,10.808,0.0,0.0,0.0,4.0,15.475000000000005,0.7590000000000001,1,1,1,0,0,0,56.0,247.60000000000008,1518.0000000000002,1.7430665579467934,0.0,0.0,10.292933442053211,7.053632921910307,0.8024
W6_P4,19,2.1198,9.604000000000001,0.0,9.604000000000001,0.0,0.0,0.0,4.0,7.75,0.44999999999999996,1,1,1,0,0,0,56.0,124.0,899.9999999999999,0.2366678109123228,0.0,0.0,4.479132189087677,2.062712112635733,0.8024
W6_P4,20,1.8599999999999999,6.832000000000001,0.0,6.832000000000001,0.0,0.0,0.0,4.0,15.875000000000004,0.7750000000000001,1,1,1,0,0,0,56.0,254.00000000000006,1550.0000000000002,15.678000000000004,0.0,0.0,0.0,2.0585866884104616,0.8024
W6_P4,21,1.6301999999999999,8.384,0.0,8.384,0.0,0.0,0.0,10.0,20.0,1.1500000000000001,1,1,1,0,0,0,140.0,320.0,2300.0,24.400774637085355,0.0,0.004574637085356474,0.0,2.0585866884104616,0.6074
W6_P4,22,1.56,7.688000000000001,0.0,7.688000000000001,0.0,0.0,0.0,16.0,20.0,1.36,1,1,1,0,0,0,224.0,320.0,2720.0,31.236574637085354,0.0,0.004574637085356474,0.0,2.0585866884104616,0.6074
W6_P4,23,1.4802,9.671999999999999,0.0,9.671999999999999,0.0,0.0,0.0,20.0,20.0,1.5,1,1,1,0,0,0,280.0,320.0,3000.0,33.312774637085354,0.0,0.004574637085356474,0.0,2.0585866884104616,0.3424
