scenario,hour,load_mw,wind_available_mw,pv_available_mw,wind_dispatch_mw,pv_dispatch_mw,wind_curtailment_mw,pv_curtailment_mw,alk_power_mw,pem_power_mw,nh3_power_mw,alk_on,pem_on,nh3_on,alk_startup,pem_startup,nh3_startup,alk_h2_kg,pem_h2_kg,nh3_kg,grid_buy_mw,grid_sell_mw,battery_charge_mw,battery_discharge_mw,soc_mwh,buy_price_yuan_per_kwh
W1_P1,0,1.3698000000000001,9.776,0.0,9.776,0.0,0.0,0.0,14.000000000000012,17.74999999999999,1.2,1,1,1,0,0,0,196.00000000000017,283.99999999999983,2400.0,24.55065978101645,5.96897196795688e-15,0.00685978101643776,0.0,3.086901457397008,0.3424
W1_P1,1,1.0997999999999999,10.904,0.0,10.904,0.0,0.0,0.0,20.000000000000018,20.0,1.5000000000000004,1,1,1,0,0,0,280.0000000000002,320.0,3000.000000000001,31.70265978101645,-0.0,0.006859781016436847,0.0,3.086901457397007,0.3424
W1_P1,2,0.7998000000000001,15.152000000000001,0.0,15.152000000000001,0.0,0.0,0.0,20.0,20.0,1.5,1,1,1,0,0,0,280.0,320.0,3000.0,27.154659781016427,-9.26841200726476e-15,0.006859781016437614,0.0,3.086901457397007,0.3424
W1_P1,3,0.99,13.312,0.0,13.312,0.0,0.0,0.0,20.000000000000025,20.0,1.5000000000000009,1,1,1,0,0,0,280.00000000000034,320.0,3000.000000000002,29.184859781016463,-0.0,0.0068597810164379895,0.0,3.086901457397007,0.3424
W1_P1,4,1.1802000000000001,15.072000000000001,0.0,15.072000000000001,0.0,0.0,0.0,20.000000000000004,19.999999999999975,1.4999999999999991,1,1,1,0,0,0,280.00000000000006,319.9999999999996,2999.999999999998,27.61505978101645,2.842170943040401e-14,0.006859781016437614,0.0,3.086901457397007,0.3424
W1_P1,5,1.6301999999999999,18.724,0.0,18.724,0.0,0.0,0.0,20.000000000000007,19.999999999999986,1.4999999999999996,1,1,1,0,0,0,280.0000000000001,319.9999999999998,2999.999999999999,36.44860743610919,-0.0,12.042407436109201,0.0,13.918894346980496,0.3424
W1_P1,6,2.5002,9.628,14.08,9.628,14.08,0.0,0.0,19.999999999999993,20.000000000000014,1.5000000000000002,1,1,1,0,0,0,279.9999999999999,320.0000000000002,3000.0000000000005,35.726707286985025,-9.171505221949874e-15,15.434507286985033,0.0,27.782113116573065,0.3424
W1_P1,7,3.3701999999999996,22.804000000000002,25.6,22.804000000000002,25.6,0.0,0.0,16.0,20.0,1.36,1,1,1,0,0,0,224.0,320.0,2720.0,0.0,7.6738,0.0,0.0,27.726548890339924,0.6074
W1_P1,8,4.0098,17.852,37.12,17.852,37.12,0.0,0.0,10.0,20.0,1.1500000000000001,1,1,1,0,0,0,140.0,320.0,2300.0,0.0,19.81219999999999,0.0,0.0,27.671095792559242,0.6074
W1_P1,9,4.199999999999999,14.328000000000001,46.08,14.328000000000001,46.08,0.0,0.0,4.0,20.0,0.94,1,1,1,0,0,0,56.0,320.0,1879.9999999999998,0.0,31.268000000000008,0.0,0.0,27.615753600974127,0.6074
W1_P1,10,4.1202,11.904,52.48,11.904,52.48,0.0,0.0,7.7779260180029155,20.0,1.072227410630102,1,1,1,0,0,0,108.89096425204082,320.0,2144.454821260204,0.0,31.413646571366993,0.0,0.0,27.56052209377218,0.8024
W1_P1,11,3.9000000000000004,7.736,55.04,7.736,55.04,0.0,0.0,13.777926018002915,20.0,1.282227410630102,1,1,1,0,0,0,192.89096425204082,320.0,2564.454821260204,0.0,23.815846571366983,0.0,0.0,27.505401049584638,0.8024
W1_P1,12,3.2598000000000003,8.556000000000001,56.32,8.556000000000001,56.32,0.0,0.0,19.777926018002915,20.0,1.4922274106301021,1,1,1,0,0,0,276.8909642520408,320.0,2984.454821260204,0.0,20.346046571366998,0.0,0.0,27.450390247485473,0.8024
W1_P1,13,2.6898,14.52,56.32,14.52,56.32,0.0,0.0,20.0,20.0,1.5,1,1,1,0,0,0,280.0,320.0,3000.0,0.0,26.650200000000012,0.0,0.0,27.3954894669905,0.8024
W1_P1,14,3.63,6.707999999999999,52.48,6.707999999999999,52.48,0.0,0.0,20.0,20.0,1.5,1,1,1,0,0,0,280.0,320.0,3000.0,0.0,14.057999999999996,0.0,0.0,27.340698488056525,0.8024
W1_P1,15,3.8202000000000003,11.175999999999998,44.8,11.175999999999998,44.8,0.0,0.0,14.0,20.0,1.29,1,1,1,0,0,0,196.0,320.0,2580.0,0.0,16.865799999999993,0.0,0.0,27.28601709108041,0.6074
W1_P1,16,3.75,10.107999999999999,33.28,10.107999999999999,33.28,0.0,0.0,8.0,20.0,1.08,1,1,1,0,0,0,112.0,320.0,2160.0,0.0,10.557999999999996,0.0,0.0,27.231445056898252,0.6074
W1_P1,17,3.1398,6.3839999999999995,24.32,6.3839999999999995,24.32,0.0,0.0,4.0,20.0,0.94,1,1,1,0,0,0,56.0,320.0,1879.9999999999998,0.0,1.9518322780126534,0.6723677219873448,0.0,27.782113116573065,0.6074
W1_P1,18,2.61,6.428000000000001,11.52,6.428000000000001,11.52,0.0,0.0,4.000000000000004,10.707944202742363,0.5683177681096946,1,1,1,0,0,0,56.00000000000006,171.3271072438778,1136.6355362193892,0.0,0.0,0.06173802914794095,0.0,27.782113116573072,0.8024
W1_P1,19,2.1198,5.736,0.0,5.736,0.0,0.0,0.0,4.000000000000003,7.749999999999997,0.44999999999999996,1,1,1,0,0,0,56.00000000000004,123.99999999999996,899.9999999999999,0.0,0.0,0.0,8.583800000000002,18.188993334784367,0.8024
W1_P1,20,1.8599999999999999,3.752,0.0,3.752,0.0,0.0,0.0,4.000000000000003,7.749999999999997,0.44999999999999996,1,1,1,0,0,0,56.00000000000004,123.99999999999996,899.9999999999999,0.0,0.0,0.0,10.308000000000002,6.699282014781464,0.8024
W1_P1,21,1.6301999999999999,3.6919999999999997,0.0,3.6919999999999997,0.0,0.0,0.0,4.000000000000003,7.749999999999997,0.44999999999999996,1,1,1,0,0,0,56.00000000000004,123.99999999999996,899.9999999999999,6.9046837637193885,0.0,0.0,3.2335162362806127,3.0930876326623316,0.6074
W1_P1,22,1.56,4.88,0.0,4.88,0.0,0.0,0.0,4.000000000000001,7.749999999999999,0.44999999999999996,1,1,1,0,0,0,56.000000000000014,123.99999999999999,899.9999999999999,8.879999999999999,0.0,0.0,0.0,3.086901457397007,0.6074
W1_P1,23,1.4802,3.1919999999999997,0.0,3.1919999999999997,0.0,0.0,0.0,8.000000000000009,13.624999999999993,0.825,1,1,1,0,0,0,112.00000000000011,217.9999999999999,1649.9999999999998,20.74505978101644,-0.0,0.0068597810164379895,0.0,3.086901457397007,0.3424
W1_P2,0,1.3698000000000001,9.776,0.0,9.776,0.0,0.0,0.0,20.0,20.0,1.5,1,1,1,0,0,0,280.0,320.0,3000.0,33.10065978101643,-0.0,0.0068597810164379895,0.0,3.086901457397007,0.3424
W1_P2,1,1.0997999999999999,10.904,0.0,10.904,0.0,0.0,0.0,20.0,20.0,1.5,1,1,1,0,0,0,280.0,320.0,3000.0,31.702659781016433,-0.0,0.0068597810164379895,0.0,3.086901457397007,0.3424
W1_P2,2,0.7998000000000001,15.152000000000001,0.0,15.152000000000001,0.0,0.0,0.0,20.0,20.0,1.5,1,1,1,0,0,0,280.0,320.0,3000.0,27.154659781016438,-0.0,0.006859781016437614,0.0,3.086901457397007,0.3424
W1_P2,3,0.99,13.312,0.0,13.312,0.0,0.0,0.0,20.0,20.0,1.5,1,1,1,0,0,0,280.0,320.0,3000.0,29.184859781016424,-1.0337195875527165e-14,0.006859781016436509,0.0,3.0869014573970075,0.3424
W1_P2,4,1.1802000000000001,15.072000000000001,0.0,15.072000000000001,0.0,0.0,0.0,20.0,20.0,1.5,1,1,1,0,0,0,280.0,320.0,3000.0,27.615059781016416,-1.847462450538112e-14,0.006859781016436629,0.0,3.086901457397006,0.3424
W1_P2,5,1.6301999999999999,18.724,0.0,18.724,0.0,0.0,0.0,20.0,20.0,1.5,1,1,1,0,0,0,280.0,320.0,3000.0,36.4486074361092,-0.0,12.042407436109201,0.0,13.918894346980494,0.3424
W1_P2,6,2.5002,9.628,0.0,9.628,0.0,0.0,0.0,20.0,20.0,1.5,1,1,1,0,0,0,280.0,320.0,3000.0,49.80670728698503,-0.0,15.434507286985035,0.0,27.78211311657307,0.3424
W1_P2,7,3.3701999999999996,22.804000000000002,3.2,22.804000000000002,3.2,0.0,0.0,14.000000000000004,15.874999999999996,1.125,1,1,1,0,0,0,196.00000000000006,253.99999999999994,2250.0,0.0,0.0,0.0,8.366200000000003,18.43077111256214,0.6074
W1_P2,8,4.0098,17.852,10.88,17.852,10.88,0.0,0.0,8.000000000000002,15.809807692307691,0.9123923076923077,1,1,1,0,0,0,112.00000000000003,252.95692307692306,1824.7846153846153,0.0,0.0,0.0,0.0,18.39390957033702,0.6074
W1_P2,9,4.199999999999999,14.328000000000001,17.92,14.328000000000001,17.92,0.0,0.0,7.0028985507246455,20.0,1.0451014492753625,1,1,1,0,0,0,98.04057971014504,320.0,2090.202898550725,0.0,0.0,0.0,0.0,18.357121751196345,0.6074
W1_P2,10,4.1202,11.904,24.96,11.904,24.96,0.0,0.0,11.539903381642517,20.0,1.203896618357488,1,1,1,0,0,0,161.55864734299524,320.0,2407.793236714976,0.0,0.0,0.0,0.0,18.320407507693957,0.8024
W1_P2,11,3.9000000000000004,7.736,31.36,7.736,31.36,0.0,0.0,13.909178743961345,20.0,1.2868212560386472,1,1,1,0,0,0,194.72850241545882,320.0,2573.642512077294,0.0,0.0,0.0,0.0,18.28376669267857,0.8024
W1_P2,12,3.2598000000000003,8.556000000000001,35.84,8.556000000000001,35.84,0.0,0.0,19.648502415458932,20.0,1.4876975845410627,1,1,1,0,0,0,275.07903381642507,320.0,2975.3951690821254,0.0,0.0,0.0,0.0,18.247199159293213,0.8024
W1_P2,13,2.6898,14.52,37.12,14.52,37.12,0.0,0.0,19.795169082125597,20.0,1.4928309178743957,1,1,1,0,0,0,277.13236714975835,320.0,2985.6618357487914,0.0,0.0,7.662200000000013,0.0,25.10668476097464,0.8024
W1_P2,14,3.63,6.707999999999999,32.0,6.707999999999999,32.0,0.0,0.0,13.795169082125597,20.0,1.282830917874396,1,1,1,0,0,0,193.13236714975835,320.0,2565.661835748792,0.0,0.0,0.0,0.0,25.056471391452693,0.8024
W1_P2,15,3.8202000000000003,11.175999999999998,25.6,11.175999999999998,25.6,0.0,0.0,11.457760737247147,20.0,1.2010216258036501,1,1,1,0,0,0,160.40865032146007,320.0,2402.0432516073,0.0,0.0,0.2970176369491991,0.0,25.273674321924062,0.6074
W1_P2,16,3.75,10.107999999999999,19.2,10.107999999999999,19.2,0.0,0.0,5.457760737247148,16.40951894226649,0.8474023834943099,1,1,1,0,0,0,76.40865032146007,262.55230307626385,1694.8047669886196,0.0,0.0,2.8433179369920514,0.0,27.78211311657306,0.6074
W1_P2,17,3.1398,6.3839999999999995,9.6,6.3839999999999995,9.6,0.0,0.0,4.000000000000002,8.310059587357745,0.47240238349430985,1,1,1,0,0,0,56.00000000000003,132.96095339772393,944.8047669886197,0.0,0.0,0.0617380291479424,0.0,27.78211311657307,0.6074
W1_P2,18,2.61,6.428000000000001,3.2,6.428000000000001,3.2,0.0,0.0,4.000000000000003,7.749999999999997,0.44999999999999996,1,1,1,0,0,0,56.00000000000004,123.99999999999996,899.9999999999999,1.9678216139499356,0.0,0.0,3.214178386050065,24.155239572506517,0.8024
W1_P2,19,2.1198,5.736,0.0,5.736,0.0,0.0,0.0,4.000000000000003,7.749999999999997,0.44999999999999996,1,1,1,0,0,0,56.00000000000004,123.99999999999996,899.9999999999999,8.233394087960447e-15,0.0,0.0,8.583799999999993,14.569373537805957,0.8024
W1_P2,20,1.8599999999999999,3.752,0.0,3.752,0.0,0.0,0.0,4.000000000000003,7.749999999999997,0.44999999999999996,1,1,1,0,0,0,56.00000000000004,123.99999999999996,899.9999999999999,-0.0,0.0,0.0,10.308000000000003,3.086901457397007,0.8024
W1_P2,21,1.6301999999999999,3.6919999999999997,0.0,3.6919999999999997,0.0,0.0,0.0,4.0,10.396687962950574,0.555867518518023,1,1,1,0,0,0,56.0,166.3470074072092,1111.735037036046,12.897615262485036,0.0,0.006859781016437771,0.0,3.086901457397008,0.6074
W1_P2,22,1.56,4.88,0.0,4.88,0.0,0.0,0.0,8.453357671943523,15.874999999999996,0.9308675185180231,1,1,1,0,0,0,118.34700740720933,253.99999999999994,1861.7350370360462,21.946084971477976,0.0,0.006859781016436847,0.0,3.086901457397007,0.6074
W1_P2,23,1.4802,3.1919999999999997,0.0,3.1919999999999997,0.0,0.0,0.0,14.453357671943511,20.0,1.305867518518023,1,1,1,0,0,0,202.34700740720916,320.0,2611.735037036046,34.054284971477976,0.0,0.006859781016437614,0.0,3.086901457397007,0.3424
W1_P3,0,1.3698000000000001,9.776,0.0,9.776,0.0,0.0,0.0,20.0,20.0,1.5,1,1,1,0,0,0,280.0,320.0,3000.0,33.100659781016425,-8.866763135200892e-15,0.006859781016437756,0.0,3.086901457397007,0.3424
W1_P3,1,1.0997999999999999,10.904,0.0,10.904,0.0,0.0,0.0,20.0,20.0,1.5,1,1,1,0,0,0,280.0,320.0,3000.0,31.702659781016433,-0.0,0.006859781016437614,-0.0,3.086901457397007,0.3424
W1_P3,2,0.7998000000000001,15.152000000000001,0.0,15.152000000000001,0.0,0.0,0.0,20.0,20.0,1.5,1,1,1,0,0,0,280.0,320.0,3000.0,27.154659781016456,1.853682401452952e-14,0.0068597810164379895,0.0,3.086901457397007,0.3424
W1_P3,3,0.99,13.312,0.0,13.312,0.0,0.0,0.0,20.0,20.0,1.5,1,1,1,0,0,0,280.0,320.0,3000.0,29.184859781016453,1.8262546335395963e-14,0.006859781016437614,0.0,3.086901457397007,0.3424
W1_P3,4,1.1802000000000001,15.072000000000001,0.0,15.072000000000001,0.0,0.0,0.0,20.0,20.0,1.5,1,1,1,0,0,0,280.0,320.0,3000.0,27.615059781016416,-1.847462450538112e-14,0.006859781016438483,0.0,3.086901457397008,0.3424
W1_P3,5,1.6301999999999999,18.724,0.0,18.724,0.0,0.0,0.0,20.0,20.0,1.5,1,1,1,0,0,0,280.0,320.0,3000.0,36.4486074361092,-0.0,12.042407436109205,0.0,13.918894346980498,0.3424
W1_P3,6,2.5002,9.628,0.0,9.628,0.0,0.0,0.0,20.0,20.0,1.5,1,1,1,0,0,0,280.0,320.0,3000.0,49.80670728698503,0.0,15.434507286985031,0.0,27.78211311657307,0.3424
W1_P3,7,3.3701999999999996,22.804000000000002,1.28,22.804000000000002,1.28,0.0,0.0,20.0,20.0,1.5,1,1,1,0,0,0,280.0,320.0,3000.0,20.786199999999997,0.0,0.0,0.0,27.726548890339927,0.6074
W1_P3,8,4.0098,17.852,3.2,17.852,3.2,0.0,0.0,16.0,20.0,1.36,1,1,1,0,0,0,224.0,320.0,2720.0,20.317800000000005,0.0,0.0,0.0,27.671095792559246,0.6074
W1_P3,9,4.199999999999999,14.328000000000001,5.12,14.328000000000001,5.12,0.0,0.0,10.0,20.0,1.1500000000000001,1,1,1,0,0,0,140.0,320.0,2300.0,15.902000000000005,0.0,0.0,0.0,27.61575360097413,0.6074
W1_P3,10,4.1202,11.904,7.68,11.904,7.68,0.0,0.0,4.000000000000004,15.874999999999996,0.7749999999999999,1,1,1,0,0,0,56.00000000000006,253.99999999999994,1549.9999999999998,0.0,0.0,0.0,5.1861999999999995,21.798077649327738,0.8024
W1_P3,11,3.9000000000000004,7.736,11.52,7.736,11.52,0.0,0.0,4.000000000000002,10.784615384615384,0.5713846153846154,1,1,1,0,0,0,56.00000000000003,172.55384615384614,1142.7692307692307,0.0,0.0,0.0,0.0,21.754481494029083,0.8024
W1_P3,12,3.2598000000000003,8.556000000000001,14.08,8.556000000000001,14.08,0.0,0.0,4.0,14.650192307692311,0.7260076923076925,1,1,1,0,0,0,56.0,234.40307692307698,1452.0153846153848,0.0,0.0,0.0,0.0,21.710972531041026,0.8024
W1_P3,13,2.6898,14.52,14.08,14.52,14.08,0.0,0.0,4.937391304347829,20.0,0.972808695652174,1,1,1,0,0,0,69.1234782608696,320.0,1945.6173913043478,0.0,0.0,0.0,0.0,21.667550585978947,0.8024
W1_P3,14,3.63,6.707999999999999,11.52,6.707999999999999,11.52,0.0,0.0,4.0,11.445217391304352,0.5978086956521741,1,1,1,0,0,0,56.0,183.12347826086963,1195.617391304348,0.0,0.0,0.0,1.4450260869565292,20.018630943744178,0.8024
W1_P3,15,3.8202000000000003,11.175999999999998,7.04,11.175999999999998,7.04,0.0,0.0,4.937391304347833,20.0,0.9728086956521741,1,1,1,0,0,0,69.12347826086966,320.0,1945.617391304348,11.514400000000009,0.0,0.0,0.0,19.978593681856697,0.6074
W1_P3,16,3.75,10.107999999999999,5.12,10.107999999999999,5.12,0.0,0.0,10.937391304347832,20.0,1.1828086956521742,1,1,1,0,0,0,153.12347826086966,320.0,2365.617391304348,20.642200000000003,0.0,0.0,0.0,19.938636494492982,0.6074
W1_P3,17,3.1398,6.3839999999999995,3.2,6.3839999999999995,3.2,0.0,0.0,4.937391304347833,20.0,0.9728086956521742,1,1,1,0,0,0,69.12347826086966,320.0,1945.6173913043483,28.225282105632303,0.0,8.759282105632296,0.0,27.782113116573065,0.6074
W1_P3,18,2.61,6.428000000000001,1.28,6.428000000000001,1.28,0.0,0.0,3.999999999999998,11.445217391304356,0.5978086956521742,1,1,1,0,0,0,55.99999999999997,183.1234782608697,1195.6173913043483,0.0,0.0,0.0,10.945026086956528,15.565408793721556,0.8024
W1_P3,19,2.1198,5.736,0.0,5.736,0.0,0.0,0.0,4.000000000000001,7.749999999999999,0.44999999999999996,1,1,1,0,0,0,56.000000000000014,123.99999999999999,899.9999999999999,0.0,0.0,0.0,8.5838,5.996722420578556,0.8024
W1_P3,20,1.8599999999999999,3.752,0.0,3.752,0.0,0.0,0.0,4.0,14.92296265328871,0.7369185061315484,1,1,1,0,0,0,56.0,238.76740245261936,1473.8370122630968,15.159836392913906,0.0,0.0,2.6080447665063526,3.086901457397008,0.8024
W1_P3,21,1.6301999999999999,3.6919999999999997,0.0,3.6919999999999997,0.0,0.0,0.0,8.91195731804424,20.0,1.1119185061315484,1,1,1,0,0,0,124.76740245261936,320.0,2223.8370122630968,27.968935605192225,0.0,0.006859781016436847,0.0,3.086901457397007,0.6074
W1_P3,22,1.56,4.88,0.0,4.88,0.0,0.0,0.0,14.911957318044236,20.0,1.3219185061315482,1,1,1,0,0,0,208.7674024526193,320.0,2643.8370122630963,32.92073560519222,0.0,0.006859781016437614,0.0,3.086901457397007,0.6074
W1_P3,23,1.4802,3.1919999999999997,0.0,3.1919999999999997,0.0,0.0,0.0,20.0,20.0,1.5,1,1,1,0,0,0,280.0,320.0,3000.0,39.79505978101644,-0.0,0.0068597810164379895,0.0,3.086901457397007,0.3424
W1_P4,0,1.3698000000000001,9.776,0.0,9.776,0.0,0.0,0.0,20.0,20.0,1.5,1,1,1,0,0,0,280.0,320.0,3000.0,33.10065978101643,-0.0,0.00685978101643776,0.0,3.086901457397008,0.3424
W1_P4,1,1.0997999999999999,10.904,0.0,10.904,0.0,0.0,0.0,20.0,20.0,1.5,1,1,1,0,0,0,280.0,320.0,3000.0,31.702659781016433,-0.0,0.006859781016436847,0.0,3.086901457397007,0.3424
W1_P4,2,0.7998000000000001,15.152000000000001,0.0,15.152000000000001,0.0,0.0,0.0,20.0,20.0,1.5,1,1,1,0,0,0,280.0,320.0,3000.0,27.154659781016438,-0.0,0.006859781016437614,0.0,3.086901457397007,0.3424
W1_P4,3,0.99,13.312,0.0,13.312,0.0,0.0,0.0,20.0,20.0,1.5,1,1,1,0,0,0,280.0,320.0,3000.0,29.184859781016453,1.8262546335395963e-14,0.0068597810164379895,0.0,3.086901457397007,0.3424
W1_P4,4,1.1802000000000001,15.072000000000001,0.0,15.072000000000001,0.0,0.0,0.0,20.0,20.0,1.5,1,1,1,0,0,0,280.0,320.0,3000.0,27.615059781016416,-1.847462450538112e-14,0.006859781016437614,0.0,3.086901457397007,0.3424
W1_P4,5,1.6301999999999999,18.724,0.0,18.724,0.0,0.0,0.0,20.0,20.0,1.5,1,1,1,0,0,0,280.0,320.0,3000.0,36.44860743610919,-0.0,12.0424074361092,0.0,13.918894346980494,0.3424
W1_P4,6,2.5002,9.628,0.0,9.628,0.0,0.0,0.0,20.0,20.0,1.5,1,1,1,0,0,0,280.0,320.0,3000.0,49.80670728698503,-0.0,15.434507286985035,0.0,27.782113116573065,0.3424
W1_P4,7,3.3701999999999996,22.804000000000002,0.0,22.804000000000002,0.0,0.0,0.0,20.0,20.0,1.5,1,1,1,0,0,0,280.0,320.0,3000.0,22.0662,0.0,0.0,0.0,27.726548890339924,0.6074
W1_P4,8,4.0098,17.852,0.0,17.852,0.0,0.0,0.0,16.0,20.0,1.36,1,1,1,0,0,0,224.0,320.0,2720.0,23.5178,0.0,0.0,0.0,27.671095792559242,0.6074
W1_P4,9,4.199999999999999,14.328000000000001,0.0,14.328000000000001,0.0,0.0,0.0,10.0,20.0,1.1500000000000001,1,1,1,0,0,0,140.0,320.0,2300.0,21.20684390622105,0.0,0.18484390622104582,0.0,27.78211311657307,0.6074
W1_P4,10,4.1202,11.904,0.0,11.904,0.0,0.0,0.0,4.000000000000004,15.874999999999996,0.7749999999999999,1,1,1,0,0,0,56.00000000000006,253.99999999999994,1549.9999999999998,0.0,0.0,0.0,12.8662,13.430771112562146,0.8024
W1_P4,11,3.9000000000000004,7.736,1.28,7.736,1.28,0.0,0.0,4.000000000000001,7.749999999999999,0.44999999999999996,1,1,1,0,0,0,56.000000000000014,123.99999999999999,899.9999999999999,0.0,0.0,0.0,7.083999999999999,5.532798459225912,0.8024
W1_P4,12,3.2598000000000003,8.556000000000001,5.12,8.556000000000001,5.12,0.0,0.0,4.000000000000001,7.749999999999999,0.44999999999999996,1,1,1,0,0,0,56.000000000000014,123.99999999999999,899.9999999999999,0.0,0.0,0.0,1.783799999999997,3.539732862307464,0.8024
W1_P4,13,2.6898,14.52,7.68,14.52,7.68,0.0,0.0,4.0,14.779038461538459,0.7311615384615384,1,1,1,0,0,0,56.0,236.46461538461534,1462.3230769230768,0.0,0.0,0.0,0.0,3.532653396582849,0.8024
W1_P4,14,3.63,6.707999999999999,5.12,6.707999999999999,5.12,0.0,0.0,4.000000000000002,14.06919230769231,0.7027676923076924,1,1,1,0,0,0,56.00000000000003,225.10707692307696,1405.5353846153848,10.179142030846595,0.0,0.0,0.3948179691534085,3.086901457397007,0.8024
W1_P4,15,3.8202000000000003,11.175999999999998,1.28,11.175999999999998,1.28,0.0,0.0,7.936219780219785,20.0,1.0777676923076924,1,1,1,0,0,0,111.10707692307699,320.0,2155.535384615385,20.385047253543917,0.0,0.006859781016437614,0.0,3.086901457397007,0.6074
W1_P4,16,3.75,10.107999999999999,0.0,10.107999999999999,0.0,0.0,0.0,13.936219780219785,20.0,1.2877676923076924,1,1,1,0,0,0,195.107076923077,320.0,2575.535384615385,40.90839490863667,0.0,12.0424074361092,0.0,13.918894346980494,0.6074
W1_P4,17,3.1398,6.3839999999999995,0.0,6.3839999999999995,0.0,0.0,0.0,7.936219780219785,20.0,1.0777676923076924,1,1,1,0,0,0,111.10707692307699,320.0,2155.535384615385,41.204294759512514,0.0,15.434507286985035,0.0,27.782113116573065,0.6074
W1_P4,18,2.61,6.428000000000001,0.0,6.428000000000001,0.0,0.0,0.0,4.000000000000002,14.06919230769231,0.7027676923076924,1,1,1,0,0,0,56.00000000000003,225.10707692307696,1405.5353846153848,1.3904255872673108,0.0,0.0,13.563534412732691,12.655955098414708,0.8024
W1_P4,19,2.1198,5.736,0.0,5.736,0.0,0.0,0.0,4.000000000000001,7.749999999999999,0.44999999999999996,1,1,1,0,0,0,56.000000000000014,123.99999999999999,899.9999999999999,7.105427357601002e-15,0.0,0.0,8.583799999999993,3.0930876326623316,0.8024
W1_P4,20,1.8599999999999999,3.752,0.0,3.752,0.0,0.0,0.0,4.000000000000004,15.874999999999996,0.7749999999999999,1,1,1,0,0,0,56.00000000000006,253.99999999999994,1549.9999999999998,18.758,0.0,0.0,0.0,3.086901457397007,0.8024
W1_P4,21,1.6301999999999999,3.6919999999999997,0.0,3.6919999999999997,0.0,0.0,0.0,10.0,20.0,1.1500000000000001,1,1,1,0,0,0,140.0,320.0,2300.0,29.09505978101644,0.0,0.0068597810164379895,0.0,3.086901457397007,0.6074
W1_P4,22,1.56,4.88,0.0,4.88,0.0,0.0,0.0,16.0,20.0,1.36,1,1,1,0,0,0,224.0,320.0,2720.0,34.046859781016444,0.0,0.006859781016437614,0.0,3.086901457397007,0.6074
W1_P4,23,1.4802,3.1919999999999997,0.0,3.1919999999999997,0.0,0.0,0.0,20.0,20.0,1.5,1,1,1,0,0,0,280.0,320.0,3000.0,39.79505978101644,-0.0,0.0068597810164379895,0.0,3.086901457397007,0.3424
W2_P1,0,1.3698000000000001,5.312,0.0,5.312,0.0,0.0,0.0,14.00000000000002,17.749999999999982,1.2,1,1,1,0,0,0,196.00000000000028,283.9999999999997,2400.0,29.014659781016434,-1.2434497875801753e-14,0.006859781016437496,0.0,3.086901457397007,0.3424
W2_P1,1,1.0997999999999999,8.5,0.0,8.5,0.0,0.0,0.0,20.000000000000025,20.0,1.5000000000000007,1,1,1,0,0,0,280.00000000000034,320.0,3000.0000000000014,34.106659781016454,-0.0,0.0068597810164379895,0.0,3.086901457397007,0.3424
W2_P1,2,0.7998000000000001,9.379999999999999,0.0,9.379999999999999,0.0,0.0,0.0,20.0,20.0,1.5,1,1,1,0,0,0,280.0,320.0,3000.0,32.92665978101642,-1.7757033469775854e-14,0.006859781016437614,0.0,3.086901457397007,0.3424
W2_P1,3,0.99,10.304,0.0,10.304,0.0,0.0,0.0,20.0,20.0,1.5,1,1,1,0,0,0,280.0,320.0,3000.0,32.19285978101643,-8.92808450184394e-15,0.006859781016436509,0.0,3.0869014573970075,0.3424
W2_P1,4,1.1802000000000001,9.9,0.0,9.9,0.0,0.0,0.0,20.0,20.0,1.5,1,1,1,0,0,0,280.0,320.0,3000.0,32.78705978101643,-0.0,0.006859781016436629,0.0,3.086901457397006,0.3424
W2_P1,5,1.6301999999999999,9.62,0.0,9.62,0.0,0.0,0.0,20.0,20.0,1.5,1,1,1,0,0,0,280.0,320.0,3000.0,45.5526074361092,-0.0,12.042407436109201,0.0,13.918894346980494,0.3424
W2_P1,6,2.5002,9.14,14.08,9.14,14.08,0.0,0.0,18.908019323671503,20.0,1.4617806763285026,1,1,1,0,0,0,264.71227053140103,320.0,2923.561352657005,35.084507286985044,-0.0,15.434507286985035,0.0,27.782113116573065,0.3424
W2_P1,7,3.3701999999999996,7.640000000000001,25.6,7.640000000000001,25.6,0.0,0.0,12.90801932367147,15.875000000000028,1.0867806763285026,1,1,1,0,0,0,180.71227053140058,254.00000000000045,2173.561352657005,0.0,0.0,0.0,0.0,27.72654889033992,0.6074
W2_P1,8,4.0098,4.748,37.12,4.748,37.12,0.0,0.0,6.9080193236714695,20.0,1.0417806763285014,1,1,1,0,0,0,96.71227053140058,320.0,2083.5613526570028,0.0,9.908400000000025,0.0,0.0,27.671095792559242,0.6074
W2_P1,9,4.199999999999999,4.859999999999999,46.08,4.859999999999999,46.08,0.0,0.0,12.908019323671471,20.0,1.2517806763285013,1,1,1,0,0,0,180.7122705314006,320.0,2503.5613526570028,0.0,12.580200000000026,0.0,0.0,27.615753600974124,0.6074
W2_P1,10,4.1202,5.335999999999999,52.48,5.335999999999999,52.48,0.0,0.0,18.90801932367148,20.0,1.4617806763285017,1,1,1,0,0,0,264.7122705314007,320.0,2923.561352657003,0.0,13.326000000000022,0.0,0.0,27.560522093772178,0.8024
W2_P1,11,3.9000000000000004,4.292,55.04,4.292,55.04,0.0,0.0,20.0,20.0,1.5,1,1,1,0,0,0,280.0,320.0,3000.0,0.0,13.932,0.0,0.0,27.505401049584634,0.8024
W2_P1,12,3.2598000000000003,4.168,56.32,4.168,56.32,0.0,0.0,17.449996740546883,20.0,1.410749885919141,1,1,1,0,0,0,244.29995436765637,320.0,2821.499771838282,0.0,18.36745337353397,0.0,0.0,27.450390247485473,0.8024
W2_P1,13,2.6898,6.787999999999999,56.32,6.787999999999999,56.32,0.0,0.0,11.449996740546888,20.0,1.200749885919141,1,1,1,0,0,0,160.29995436765643,320.0,2401.499771838282,0.0,27.767453373533968,0.0,0.0,27.3954894669905,0.8024
W2_P1,14,3.63,8.364,52.48,8.364,52.48,0.0,0.0,17.449996740546883,20.0,1.410749885919141,1,1,1,0,0,0,244.29995436765637,320.0,2821.499771838282,0.0,18.35325337353396,0.0,0.0,27.34069848805652,0.8024
W2_P1,15,3.8202000000000003,8.404,44.8,8.404,44.8,0.0,0.0,11.449996740546888,20.0,1.200749885919141,1,1,1,0,0,0,160.29995436765643,320.0,2401.499771838282,0.0,16.733053373533963,0.0,0.0,27.28601709108041,0.6074
W2_P1,16,3.75,5.896,33.28,5.896,33.28,0.0,0.0,10.0,20.0,1.1500000000000001,1,1,1,0,0,0,140.0,320.0,2300.0,0.0,4.276,0.0,0.0,27.23144505689825,0.6074
W2_P1,17,3.1398,6.6080000000000005,24.32,6.6080000000000005,24.32,0.0,0.0,4.000000000000004,19.913713433511596,0.936548537340464,1,1,1,0,0,0,56.00000000000006,318.61941493618554,1873.0970746809278,0.0,2.2655703071605906,0.6723677219873478,0.0,27.78211311657307,0.6074
W2_P1,18,2.61,6.252,11.52,6.252,11.52,0.0,0.0,3.999999999999998,10.5387134335116,0.561548537340464,1,1,1,0,0,0,55.99999999999997,168.6194149361856,1123.0970746809278,0.0,0.0,0.06173802914793569,0.0,27.782113116573065,0.8024
W2_P1,19,2.1198,4.312,0.0,4.312,0.0,0.0,0.0,4.000000000000003,7.749999999999997,0.44999999999999996,1,1,1,0,0,0,56.00000000000004,123.99999999999996,899.9999999999999,0.0,0.0,0.0,10.007800000000001,16.606771112562143,0.8024
W2_P1,20,1.8599999999999999,2.3280000000000003,0.0,2.3280000000000003,0.0,0.0,0.0,4.000000000000003,7.749999999999997,0.44999999999999996,1,1,1,0,0,0,56.00000000000004,123.99999999999996,899.9999999999999,0.0,0.0,0.0,11.732000000000001,3.5380020147814606,0.8024
W2_P1,21,1.6301999999999999,1.492,0.0,1.492,0.0,0.0,0.0,4.000000000000003,7.749999999999997,0.44999999999999996,1,1,1,0,0,0,56.00000000000004,123.99999999999996,899.9999999999999,11.944145459719401,0.0,0.0,0.39405454028059983,3.093087632662332,0.6074
W2_P1,22,1.56,2.124,0.0,2.124,0.0,0.0,0.0,4.000000000000003,7.749999999999997,0.44999999999999996,1,1,1,0,0,0,56.00000000000004,123.99999999999996,899.9999999999999,11.636000000000001,0.0,0.0,0.0,3.0869014573970075,0.6074
W2_P1,23,1.4802,3.6959999999999997,0.0,3.6959999999999997,0.0,0.0,0.0,8.000000000000007,13.624999999999993,0.825,1,1,1,0,0,0,112.0000000000001,217.9999999999999,1649.9999999999998,20.24105978101643,-9.839479908851849e-15,0.006859781016437753,0.0,3.0869014573970075,0.3424
W2_P2,0,1.3698000000000001,5.312,0.0,5.312,0.0,0.0,0.0,20.0,20.0,1.5,1,1,1,0,0,0,280.0,320.0,3000.0,37.56465978101644,-0.0,0.006859781016437756,0.0,3.086901457397007,0.3424
W2_P2,1,1.0997999999999999,8.5,0.0,8.5,0.0,0.0,0.0,20.0,20.0,1.5,1,1,1,0,0,0,280.0,320.0,3000.0,34.10665978101644,-0.0,0.006859781016437614,0.0,3.086901457397007,0.3424
W2_P2,2,0.7998000000000001,9.379999999999999,0.0,9.379999999999999,0.0,0.0,0.0,20.0,20.0,1.5,1,1,1,0,0,0,280.0,320.0,3000.0,32.92665978101643,-0.0,0.0068597810164379895,0.0,3.086901457397007,0.3424
W2_P2,3,0.99,10.304,0.0,10.304,0.0,0.0,0.0,20.0,20.0,1.5,1,1,1,0,0,0,280.0,320.0,3000.0,32.19285978101644,-0.0,0.006859781016437614,0.0,3.086901457397007,0.3424
W2_P2,4,1.1802000000000001,9.9,0.0,9.9,0.0,0.0,0.0,20.0,20.0,1.5,1,1,1,0,0,0,280.0,320.0,3000.0,32.78705978101646,1.7775893268813898e-14,0.006859781016438483,0.0,3.086901457397006,0.3424
W2_P2,5,1.6301999999999999,9.62,0.0,9.62,0.0,0.0,0.0,20.0,20.0,1.5,1,1,1,0,0,0,280.0,320.0,3000.0,45.5526074361092,-0.0,12.042407436109201,0.0,13.918894346980494,0.3424
W2_P2,6,2.5002,9.14,0.0,9.14,0.0,0.0,0.0,20.0,20.0,1.5,1,1,1,0,0,0,280.0,320.0,3000.0,50.294707286985044,1.4210854715202004e-14,15.434507286985035,0.0,27.78211311657307,0.3424
W2_P2,7,3.3701999999999996,7.640000000000001,3.2,7.640000000000001,3.2,0.0,0.0,14.000000000000004,15.874999999999996,1.125,1,1,1,0,0,0,196.00000000000006,253.99999999999994,2250.0,23.530200000000004,0.0,0.0,0.0,27.726548890339927,0.6074
W2_P2,8,4.0098,4.748,10.88,4.748,10.88,0.0,0.0,8.000000000000004,18.75497046242982,1.0301988184971929,1,1,1,0,0,0,112.00000000000006,300.07952739887713,2060.3976369943857,16.166969280927013,0.0,0.0,0.0,27.671095792559246,0.6074
W2_P2,9,4.199999999999999,4.859999999999999,17.92,4.859999999999999,17.92,0.0,0.0,4.000000000000002,13.884615384615385,0.6953846153846155,1,1,1,0,0,0,56.00000000000003,222.15384615384616,1390.769230769231,0.0,0.0,0.0,0.0,27.61575360097413,0.6074
W2_P2,10,4.1202,5.335999999999999,24.96,5.335999999999999,24.96,0.0,0.0,5.194009661835744,20.0,0.981790338164251,1,1,1,0,0,0,72.71613526570042,320.0,1963.580676328502,0.0,0.0,0.0,0.0,27.56052209377218,0.8024
W2_P2,11,3.9000000000000004,4.292,31.36,4.292,31.36,0.0,0.0,10.581642512077297,20.0,1.1703574879227054,1,1,1,0,0,0,148.14299516908216,320.0,2340.7149758454107,0.0,0.0,0.0,0.0,27.50540104958464,0.8024
W2_P2,12,3.2598000000000003,4.168,35.84,4.168,35.84,0.0,0.0,15.408888888888887,20.0,1.3393111111111111,1,1,1,0,0,0,215.72444444444443,320.0,2678.6222222222223,0.0,0.0,0.0,0.0,27.450390247485473,0.8024
W2_P2,13,2.6898,6.787999999999999,37.12,6.787999999999999,37.12,0.0,0.0,19.72772946859903,20.0,1.4904705314009659,1,1,1,0,0,0,276.18821256038643,320.0,2980.941062801932,0.0,0.0,0.0,0.0,27.3954894669905,0.8024
W2_P2,14,3.63,8.364,32.0,8.364,32.0,0.0,0.0,14.96410139313081,20.0,1.3237435487595783,1,1,1,0,0,0,209.49741950383134,320.0,2647.4870975191566,0.0,0.0,0.44615505810961054,0.0,27.74223804035517,0.8024
W2_P2,15,3.8202000000000003,8.404,25.6,8.404,25.6,0.0,0.0,8.96410139313081,20.0,1.1137435487595784,1,1,1,0,0,0,125.49741950383134,320.0,2227.4870975191566,0.0,0.0,0.1059550581096147,0.0,27.782113116573115,0.6074
W2_P2,16,3.75,5.896,19.2,5.896,19.2,0.0,0.0,4.000000000000004,20.0,0.9400000000000002,1,1,1,0,0,0,56.00000000000006,320.0,1880.0000000000002,3.594000000000003,0.0,0.0,0.0,27.72654889033997,0.6074
W2_P2,17,3.1398,6.6080000000000005,9.6,6.6080000000000005,9.6,0.0,0.0,4.0,10.625000000000004,0.5650000000000002,1,1,1,0,0,0,56.0,170.00000000000006,1130.0000000000002,2.2451525822375427,0.0,0.12335258223753565,0.0,27.782113116573072,0.6074
W2_P2,18,2.61,6.252,3.2,6.252,3.2,0.0,0.0,4.000000000000003,7.749999999999997,0.44999999999999996,1,1,1,0,0,0,56.00000000000004,123.99999999999996,899.9999999999999,0.0,0.0,0.0,5.3580000000000005,21.773215557006594,0.8024
W2_P2,19,2.1198,4.312,0.0,4.312,0.0,0.0,0.0,4.000000000000003,7.749999999999997,0.44999999999999996,1,1,1,0,0,0,56.00000000000004,123.99999999999996,899.9999999999999,0.0,0.0,0.0,10.007800000000001,10.609891348114802,0.8024
W2_P2,20,1.8599999999999999,2.3280000000000003,0.0,2.3280000000000003,0.0,0.0,0.0,4.000000000000003,7.749999999999997,0.44999999999999996,1,1,1,0,0,0,56.00000000000004,123.99999999999996,899.9999999999999,4.980406902780591,0.0,0.0,6.75159309721941,3.086901457397008,0.8024
W2_P2,21,1.6301999999999999,1.492,0.0,1.492,0.0,0.0,0.0,8.0,11.75,0.75,1,1,1,0,0,0,112.0,188.0,1500.0,20.645059781016435,0.0,0.006859781016436847,0.0,3.086901457397007,0.6074
W2_P2,22,1.56,2.124,0.0,2.124,0.0,0.0,0.0,14.000000000000004,15.874999999999996,1.125,1,1,1,0,0,0,196.00000000000006,253.99999999999994,2250.0,30.44285978101644,0.0,0.006859781016437614,0.0,3.086901457397007,0.6074
W2_P2,23,1.4802,3.6959999999999997,0.0,3.6959999999999997,0.0,0.0,0.0,20.0,20.0,1.5,1,1,1,0,0,0,280.0,320.0,3000.0,39.291059781016436,-0.0,0.0068597810164379895,0.0,3.086901457397007,0.3424
W2_P3,0,1.3698000000000001,5.312,0.0,5.312,0.0,0.0,0.0,20.0,20.0,1.5,1,1,1,0,0,0,280.0,320.0,3000.0,37.56465978101644,-0.0,0.00685978101643776,0.0,3.086901457397008,0.3424
W2_P3,1,1.0997999999999999,8.5,0.0,8.5,0.0,0.0,0.0,20.0,20.0,1.5,1,1,1,0,0,0,280.0,320.0,3000.0,34.10665978101644,-0.0,0.006859781016436847,0.0,3.086901457397007,0.3424
W2_P3,2,0.7998000000000001,9.379999999999999,0.0,9.379999999999999,0.0,0.0,0.0,20.0,20.0,1.5,1,1,1,0,0,0,280.0,320.0,3000.0,32.92665978101643,-0.0,0.006859781016437614,-0.0,3.086901457397007,0.3424
W2_P3,3,0.99,10.304,0.0,10.304,0.0,0.0,0.0,20.0,20.0,1.5,1,1,1,0,0,0,280.0,320.0,3000.0,32.19285978101644,-0.0,0.0068597810164379895,0.0,3.086901457397007,0.3424
W2_P3,4,1.1802000000000001,9.9,0.0,9.9,0.0,0.0,0.0,20.0,20.0,1.5,1,1,1,0,0,0,280.0,320.0,3000.0,32.78705978101646,1.7775893268813898e-14,0.006859781016437614,0.0,3.086901457397007,0.3424
W2_P3,5,1.6301999999999999,9.62,0.0,9.62,0.0,0.0,0.0,20.0,20.0,1.5,1,1,1,0,0,0,280.0,320.0,3000.0,45.552607436109184,-1.4443845691961764e-14,12.0424074361092,0.0,13.918894346980494,0.3424
W2_P3,6,2.5002,9.14,0.0,9.14,0.0,0.0,0.0,20.0,20.0,1.5,1,1,1,0,0,0,280.0,320.0,3000.0,50.29470728698503,-0.0,15.434507286985035,0.0,27.782113116573065,0.3424
W2_P3,7,3.3701999999999996,7.640000000000001,1.28,7.640000000000001,1.28,0.0,0.0,20.0,20.0,1.5,1,1,1,0,0,0,280.0,320.0,3000.0,35.950199999999995,0.0,0.0,0.0,27.726548890339924,0.6074
W2_P3,8,4.0098,4.748,3.2,4.748,3.2,0.0,0.0,16.0,20.0,1.36,1,1,1,0,0,0,224.0,320.0,2720.0,33.421800000000005,0.0,0.0,0.0,27.671095792559242,0.6074
W2_P3,9,4.199999999999999,4.859999999999999,5.12,4.859999999999999,5.12,0.0,0.0,10.0,20.0,1.1500000000000001,1,1,1,0,0,0,140.0,320.0,2300.0,25.370000000000005,0.0,0.0,0.0,27.615753600974127,0.6074
W2_P3,10,4.1202,5.335999999999999,7.68,5.335999999999999,7.68,0.0,0.0,4.000000000000004,15.874999999999996,0.7749999999999999,1,1,1,0,0,0,56.00000000000006,253.99999999999994,1549.9999999999998,0.0,0.0,0.0,11.7542,14.500299871549958,0.8024
W2_P3,11,3.9000000000000004,4.292,11.52,4.292,11.52,0.0,0.0,4.000000000000001,7.749999999999999,0.44999999999999996,1,1,1,0,0,0,56.000000000000014,123.99999999999999,899.9999999999999,0.0,0.0,0.0,0.2879999999999996,14.151299271806858,0.8024
W2_P3,12,3.2598000000000003,4.168,14.08,4.168,14.08,0.0,0.0,4.0,10.430961538461538,0.5572384615384615,1,1,1,0,0,0,56.0,166.89538461538461,1114.476923076923,0.0,0.0,0.0,0.0,14.122996673263247,0.8024
W2_P3,13,2.6898,6.787999999999999,14.08,6.787999999999999,14.08,0.0,0.0,3.999999999999996,13.498269230769228,0.679930769230769,1,1,1,0,0,0,55.99999999999994,215.97230769230765,1359.861538461538,0.0,0.0,0.0,0.0,14.09475067991672,0.8024
W2_P3,14,3.63,8.364,11.52,8.364,11.52,0.0,0.0,4.0,13.789153846153848,0.6915661538461539,1,1,1,0,0,0,56.0,220.62646153846157,1383.132307692308,0.0,0.0,0.0,2.2267200000000007,11.592427845223554,0.8024
W2_P3,15,3.8202000000000003,8.404,7.04,8.404,7.04,0.0,0.0,7.616175824175826,20.0,1.066566153846154,1,1,1,0,0,0,106.62646153846157,320.0,2133.1323076923077,17.058941978021977,0.0,0.0,0.0,11.569242989533107,0.6074
W2_P3,16,3.75,5.896,5.12,5.896,5.12,0.0,0.0,13.616175824175826,20.0,1.276566153846154,1,1,1,0,0,0,190.62646153846157,320.0,2553.1323076923077,30.263175137384703,0.0,2.6364331593627255,0.0,13.918894346980494,0.6074
W2_P3,17,3.1398,6.6080000000000005,3.2,6.6080000000000005,3.2,0.0,0.0,7.616175824175826,20.0,1.066566153846154,1,1,1,0,0,0,106.62646153846157,320.0,2133.1323076923077,37.44904926500701,0.0,15.434507286985035,0.0,27.782113116573065,0.6074
W2_P3,18,2.61,6.252,1.28,6.252,1.28,0.0,0.0,4.0,13.789153846153848,0.6915661538461539,1,1,1,0,0,0,56.0,220.62646153846157,1383.132307692308,0.0,0.0,0.0,13.558720000000001,12.66130444589548,0.8024
W2_P3,19,2.1198,4.312,0.0,4.312,0.0,0.0,0.0,4.000000000000001,7.749999999999999,0.44999999999999996,1,1,1,0,0,0,56.000000000000014,123.99999999999999,899.9999999999999,1.4191952160927794,0.0,0.0,8.58860478390722,3.0930876326623316,0.8024
W2_P3,20,1.8599999999999999,2.3280000000000003,0.0,2.3280000000000003,0.0,0.0,0.0,4.000000000000004,15.874999999999996,0.7749999999999999,1,1,1,0,0,0,56.00000000000006,253.99999999999994,1549.9999999999998,20.182,0.0,0.0,0.0,3.086901457397007,0.8024
W2_P3,21,1.6301999999999999,1.492,0.0,1.492,0.0,0.0,0.0,10.0,20.0,1.1500000000000001,1,1,1,0,0,0,140.0,320.0,2300.0,31.29505978101644,0.0,0.0068597810164379895,0.0,3.086901457397007,0.6074
W2_P3,22,1.56,2.124,0.0,2.124,0.0,0.0,0.0,16.0,20.0,1.36,1,1,1,0,0,0,224.0,320.0,2720.0,36.802859781016444,0.0,0.006859781016437614,0.0,3.086901457397007,0.6074
W2_P3,23,1.4802,3.6959999999999997,0.0,3.6959999999999997,0.0,0.0,0.0,20.0,20.0,1.5,1,1,1,0,0,0,280.0,320.0,3000.0,39.291059781016436,-0.0,0.0068597810164379895,0.0,3.086901457397007,0.3424
W2_P4,0,1.3698000000000001,5.312,0.0,5.312,0.0,0.0,0.0,20.0,20.0,1.5,1,1,1,0,0,0,280.0,320.0,3000.0,37.56465978101644,-0.0,0.0068597810164379895,0.0,3.086901457397007,0.3424
W2_P4,1,1.0997999999999999,8.5,0.0,8.5,0.0,0.0,0.0,20.0,20.0,1.5,1,1,1,0,0,0,280.0,320.0,3000.0,34.10665978101644,-0.0,0.0068597810164379895,0.0,3.086901457397007,0.3424
W2_P4,2,0.7998000000000001,9.379999999999999,0.0,9.379999999999999,0.0,0.0,0.0,20.0,20.0,1.5,1,1,1,0,0,0,280.0,320.0,3000.0,32.92665978101643,-0.0,0.006859781016437614,0.0,3.086901457397007,0.3424
W2_P4,3,0.99,10.304,0.0,10.304,0.0,0.0,0.0,20.0,20.0,1.5,1,1,1,0,0,0,280.0,320.0,3000.0,32.19285978101644,-0.0,0.006859781016436509,0.0,3.0869014573970075,0.3424
W2_P4,4,1.1802000000000001,9.9,0.0,9.9,0.0,0.0,0.0,20.0,20.0,1.5,1,1,1,0,0,0,280.0,320.0,3000.0,32.78705978101646,1.7775893268813898e-14,0.006859781016436629,0.0,3.086901457397006,0.3424
W2_P4,5,1.6301999999999999,9.62,0.0,9.62,0.0,0.0,0.0,20.0,20.0,1.5,1,1,1,0,0,0,280.0,320.0,3000.0,45.5526074361092,-0.0,12.042407436109201,0.0,13.918894346980494,0.3424
W2_P4,6,2.5002,9.14,0.0,9.14,0.0,0.0,0.0,20.0,20.0,1.5,1,1,1,0,0,0,280.0,320.0,3000.0,50.29470728698503,-0.0,15.434507286985035,0.0,27.782113116573065,0.3424
W2_P4,7,3.3701999999999996,7.640000000000001,0.0,7.640000000000001,0.0,0.0,0.0,20.0,20.0,1.5,1,1,1,0,0,0,280.0,320.0,3000.0,37.230199999999996,0.0,0.0,0.0,27.72654889033992,0.6074
W2_P4,8,4.0098,4.748,0.0,4.748,0.0,0.0,0.0,16.0,20.0,1.36,1,1,1,0,0,0,224.0,320.0,2720.0,36.62180000000001,0.0,0.0,0.0,27.671095792559242,0.6074
W2_P4,9,4.199999999999999,4.859999999999999,0.0,4.859999999999999,0.0,0.0,0.0,10.0,20.0,1.1500000000000001,1,1,1,0,0,0,140.0,320.0,2300.0,30.67484390622105,0.0,0.18484390622104674,0.0,27.782113116573065,0.6074
W2_P4,10,4.1202,5.335999999999999,0.0,5.335999999999999,0.0,0.0,0.0,4.000000000000004,15.874999999999996,0.7749999999999999,1,1,1,0,0,0,56.00000000000006,253.99999999999994,1549.9999999999998,3.9996927130149658,0.0,0.0,15.434507286985035,10.577096349245437,0.8024
W2_P4,11,3.9000000000000004,4.292,1.28,4.292,1.28,0.0,0.0,4.000000000000001,7.749999999999999,0.44999999999999996,1,1,1,0,0,0,56.000000000000014,123.99999999999999,899.9999999999999,3.8225995386320255,0.0,0.0,6.705400461367975,3.1054971994714187,0.8024
W2_P4,12,3.2598000000000003,4.168,5.12,4.168,5.12,0.0,0.0,4.000000000000001,7.749999999999999,0.44999999999999996,1,1,1,0,0,0,56.000000000000014,123.99999999999999,899.9999999999999,6.171799999999998,0.0,0.0,0.0,3.0992862050724765,0.8024
W2_P4,13,2.6898,6.787999999999999,7.68,6.787999999999999,7.68,0.0,0.0,4.000000000000001,7.749999999999999,0.44999999999999996,1,1,1,0,0,0,56.000000000000014,123.99999999999999,899.9999999999999,0.4217999999999986,0.0,0.0,0.0,3.0930876326623316,0.8024
W2_P4,14,3.63,8.364,5.12,8.364,5.12,0.0,0.0,4.000000000000004,15.475000000000001,0.7590000000000001,1,1,1,0,0,0,56.00000000000006,247.60000000000002,1518.0000000000002,10.380000000000003,0.0,0.0,0.0,3.086901457397007,0.8024
W2_P4,15,3.8202000000000003,8.404,1.28,8.404,1.28,0.0,0.0,9.542857142857144,20.0,1.1340000000000001,1,1,1,0,0,0,133.60000000000002,320.0,2268.0,24.81991692387358,0.0,0.006859781016438483,0.0,3.086901457397006,0.6074
W2_P4,16,3.75,5.896,0.0,5.896,0.0,0.0,0.0,15.542857142857144,20.0,1.344,1,1,1,0,0,0,217.60000000000002,320.0,2688.0,46.783264578966346,0.0,12.042407436109201,0.0,13.918894346980494,0.6074
W2_P4,17,3.1398,6.6080000000000005,0.0,6.6080000000000005,0.0,0.0,0.0,9.542857142857144,20.0,1.1340000000000001,1,1,1,0,0,0,133.60000000000002,320.0,2268.0,42.64316442984217,0.0,15.434507286985035,0.0,27.78211311657307,0.6074
W2_P4,18,2.61,6.252,0.0,6.252,0.0,0.0,0.0,4.000000000000004,15.475000000000001,0.7590000000000001,1,1,1,0,0,0,56.00000000000006,247.60000000000002,1518.0000000000002,1.1574927130149728,0.0,0.0,15.434507286985033,10.577096349245439,0.8024
W2_P4,19,2.1198,4.312,0.0,4.312,0.0,0.0,0.0,4.000000000000001,7.749999999999999,0.44999999999999996,1,1,1,0,0,0,56.000000000000014,123.99999999999999,899.9999999999999,3.291230928503846,0.0,0.0,6.716569071496154,3.0930876326623316,0.8024
W2_P4,20,1.8599999999999999,2.3280000000000003,0.0,2.3280000000000003,0.0,0.0,0.0,4.000000000000004,15.874999999999996,0.7749999999999999,1,1,1,0,0,0,56.00000000000006,253.99999999999994,1549.9999999999998,20.182,0.0,0.0,0.0,3.086901457397007,0.8024
W2_P4,21,1.6301999999999999,1.492,0.0,1.492,0.0,0.0,0.0,10.0,20.0,1.1500000000000001,1,1,1,0,0,0,140.0,320.0,2300.0,31.29505978101644,0.0,0.006859781016437771,0.0,3.086901457397008,0.6074
W2_P4,22,1.56,2.124,0.0,2.124,0.0,0.0,0.0,16.0,20.0,1.36,1,1,1,0,0,0,224.0,320.0,2720.0,36.802859781016444,0.0,0.006859781016436847,0.0,3.086901457397007,0.6074
W2_P4,23,1.4802,3.6959999999999997,0.0,3.6959999999999997,0.0,0.0,0.0,20.0,20.0,1.5,1,1,1,0,0,0,280.0,320.0,3000.0,39.291059781016436,-0.0,0.006859781016437614,0.0,3.086901457397007,0.3424
W3_P1,0,1.3698000000000001,11.904,0.0,11.904,0.0,0.0,0.0,14.0,17.74999999999999,1.1999999999999995,1,1,1,0,0,0,196.0,283.99999999999983,2399.999999999999,22.422659781016435,6.5638915462194314e-15,0.006859781016437756,0.0,3.086901457397007,0.3424
W3_P1,1,1.0997999999999999,13.384,0.0,13.384,0.0,0.0,0.0,20.0,20.0,1.5,1,1,1,0,0,0,280.0,320.0,3000.0,29.222659781016436,-0.0,0.006859781016437614,0.0,3.086901457397007,0.3424
W3_P1,2,0.7998000000000001,14.268,0.0,14.268,0.0,0.0,0.0,20.0,20.0,1.5,1,1,1,0,0,0,280.0,320.0,3000.0,28.038659781016452,1.381304747535111e-14,0.0068597810164379895,0.0,3.086901457397007,0.3424
W3_P1,3,0.99,15.72,0.0,15.72,0.0,0.0,0.0,20.0,20.0,1.5,1,1,1,0,0,0,280.0,320.0,3000.0,26.776859781016434,-0.0,0.006859781016437614,0.0,3.086901457397007,0.3424
W3_P1,4,1.1802000000000001,15.088,0.0,15.088,0.0,0.0,0.0,20.0,20.0,1.5,1,1,1,0,0,0,280.0,320.0,3000.0,27.599059781016436,-0.0,0.006859781016436509,0.0,3.086901457397006,0.3424
W3_P1,5,1.6301999999999999,13.475999999999999,0.0,13.475999999999999,0.0,0.0,0.0,20.0,20.0,1.5,1,1,1,0,0,0,280.0,320.0,3000.0,41.6966074361092,-0.0,12.0424074361092,0.0,13.918894346980492,0.3424
W3_P1,6,2.5002,13.832,14.08,13.832,14.08,0.0,0.0,20.0,20.0,1.5,1,1,1,0,0,0,280.0,320.0,3000.0,31.52270728698504,-0.0,15.434507286985038,0.0,27.78211311657307,0.3424
W3_P1,7,3.3701999999999996,12.76,25.6,12.76,25.6,0.0,0.0,14.000000000000004,19.71134615384614,1.2784538461538457,1,1,1,0,0,0,196.00000000000006,315.38153846153824,2556.9076923076914,0.0,1.4210854715202004e-14,0.0,0.0,27.726548890339927,0.6074
W3_P1,8,4.0098,10.712,37.12,10.712,37.12,0.0,0.0,20.0,20.0,1.5,1,1,1,0,0,0,280.0,320.0,3000.0,0.0,2.322199999999995,0.0,0.0,27.671095792559246,0.6074
W3_P1,9,4.199999999999999,11.916,46.08,11.916,46.08,0.0,0.0,20.0,20.0,1.5,1,1,1,0,0,0,280.0,320.0,3000.0,0.0,12.295999999999996,0.0,0.0,27.61575360097413,0.6074
W3_P1,10,4.1202,8.804,52.48,8.804,52.48,0.0,0.0,20.0,20.0,1.5,1,1,1,0,0,0,280.0,320.0,3000.0,0.0,15.663799999999998,0.0,0.0,27.56052209377218,0.8024
W3_P1,11,3.9000000000000004,9.3,55.04,9.3,55.04,0.0,0.0,16.0,20.0,1.36,1,1,1,0,0,0,224.0,320.0,2720.0,0.0,23.080000000000005,0.0,0.0,27.50540104958464,0.8024
W3_P1,12,3.2598000000000003,9.012,56.32,9.012,56.32,0.0,0.0,10.0,20.0,1.1500000000000001,1,1,1,0,0,0,140.0,320.0,2300.0,0.0,30.922199999999997,0.0,0.0,27.450390247485473,0.8024
W3_P1,13,2.6898,10.704,56.32,10.704,56.32,0.0,0.0,4.0,20.0,0.94,1,1,1,0,0,0,56.0,320.0,1879.9999999999998,0.0,39.3942,0.0,0.0,27.3954894669905,0.8024
W3_P1,14,3.63,10.604,52.48,10.604,52.48,0.0,0.0,4.0,20.0,0.94,1,1,1,0,0,0,56.0,320.0,1879.9999999999998,0.0,34.513999999999996,0.0,0.0,27.34069848805652,0.8024
W3_P1,15,3.8202000000000003,14.552,44.8,14.552,44.8,0.0,0.0,4.0,20.0,0.94,1,1,1,0,0,0,56.0,320.0,1879.9999999999998,0.0,30.591799999999996,0.0,0.0,27.286017091080414,0.6074
W3_P1,16,3.75,13.724,33.28,13.724,33.28,0.0,0.0,10.0,20.0,1.1500000000000001,1,1,1,0,0,0,140.0,320.0,2300.0,0.0,12.104,0.0,0.0,27.231445056898256,0.6074
W3_P1,17,3.1398,12.347999999999999,24.32,12.347999999999999,24.32,0.0,0.0,9.373558273788982,20.0,1.1280745395826144,1,1,1,0,0,0,131.22981583304573,320.0,2256.1490791652286,0.0,2.354199464641056,0.6723677219873412,0.0,27.782113116573065,0.6074
W3_P1,18,2.61,12.152000000000001,11.52,12.152000000000001,11.52,0.0,0.0,4.0,16.211790356588516,0.7884716142635406,1,1,1,0,0,0,56.0,259.38864570541625,1576.9432285270811,0.0,0.0,0.0617380291479428,0.0,27.782113116573065,0.8024
W3_P1,19,2.1198,9.236,0.0,9.236,0.0,0.0,0.0,4.000000000000003,7.749999999999997,0.44999999999999996,1,1,1,0,0,0,56.00000000000004,123.99999999999996,899.9999999999999,0.0,0.0,0.0,5.0838,22.077882223673253,0.8024
W3_P1,20,1.8599999999999999,7.228,0.0,7.228,0.0,0.0,0.0,4.000000000000003,7.749999999999997,0.44999999999999996,1,1,1,0,0,0,56.00000000000004,123.99999999999996,899.9999999999999,0.0,0.0,0.0,6.832000000000001,14.442615348114796,0.8024
W3_P1,21,1.6301999999999999,6.252,0.0,6.252,0.0,0.0,0.0,4.000000000000003,7.749999999999997,0.44999999999999996,1,1,1,0,0,0,56.00000000000004,123.99999999999996,899.9999999999999,0.0,0.0,0.0,7.578200000000001,5.993507895196343,0.6074
W3_P1,22,1.56,6.452,0.0,6.452,0.0,0.0,0.0,4.000000000000001,7.749999999999999,0.44999999999999996,1,1,1,0,0,0,56.000000000000014,123.99999999999999,899.9999999999999,4.70284252019195,0.0,0.0,2.6051574798080486,3.086901457397007,0.6074
W3_P1,23,1.4802,7.972,0.0,7.972,0.0,0.0,0.0,7.999999999999992,13.625000000000007,0.825,1,1,1,0,0,0,111.99999999999989,218.0000000000001,1649.9999999999998,15.965059781016432,-5.15890406753317e-15,0.0068597810164379895,0.0,3.086901457397007,0.3424
W3_P2,0,1.3698000000000001,11.904,0.0,11.904,0.0,0.0,0.0,20.0,20.0,1.5,1,1,1,0,0,0,280.0,320.0,3000.0,30.972659781016436,-0.0,0.00685978101643776,-0.0,3.086901457397008,0.3424
W3_P2,1,1.0997999999999999,13.384,0.0,13.384,0.0,0.0,0.0,20.0,20.0,1.5,1,1,1,0,0,0,280.0,320.0,3000.0,29.222659781016418,-1.825743959898022e-14,0.006859781016436847,0.0,3.086901457397007,0.3424
W3_P2,2,0.7998000000000001,14.268,0.0,14.268,0.0,0.0,0.0,20.0,20.0,1.5,1,1,1,0,0,0,280.0,320.0,3000.0,28.038659781016438,-0.0,0.006859781016437614,-0.0,3.086901457397007,0.3424
W3_P2,3,0.99,15.72,0.0,15.72,0.0,0.0,0.0,20.0,20.0,1.5,1,1,1,0,0,0,280.0,320.0,3000.0,26.776859781016434,-0.0,0.0068597810164379895,0.0,3.086901457397007,0.3424
W3_P2,4,1.1802000000000001,15.088,0.0,15.088,0.0,0.0,0.0,20.0,20.0,1.5,1,1,1,0,0,0,280.0,320.0,3000.0,27.599059781016436,-0.0,0.006859781016437614,0.0,3.086901457397007,0.3424
W3_P2,5,1.6301999999999999,13.475999999999999,0.0,13.475999999999999,0.0,0.0,0.0,20.0,20.0,1.5,1,1,1,0,0,0,280.0,320.0,3000.0,41.6966074361092,0.0,12.0424074361092,-0.0,13.918894346980494,0.3424
W3_P2,6,2.5002,13.832,0.0,13.832,0.0,0.0,0.0,16.359155800664073,20.0,1.3725704530232425,1,1,1,0,0,0,229.02818120929703,320.0,2745.140906046485,41.83443354067235,-0.0,15.434507286985035,0.0,27.782113116573065,0.3424
W3_P2,7,3.3701999999999996,12.76,3.2,12.76,3.2,0.0,0.0,10.359155800664082,15.874999999999996,0.9975704530232427,1,1,1,0,0,0,145.02818120929714,253.99999999999994,1995.1409060464853,-0.0,0.0,0.0,14.64192625368732,11.457741941798451,0.6074
W3_P2,8,4.0098,10.712,10.88,10.712,10.88,0.0,0.0,4.359155800664088,12.567763217608336,0.6552809817275765,1,1,1,0,0,0,61.02818120929723,201.08421148173338,1310.561963455153,0.0,0.0,0.0,0.0,11.434826457914854,0.6074
W3_P2,9,4.199999999999999,11.916,17.92,11.916,17.92,0.0,0.0,4.672463768115948,20.0,0.9635362318840581,1,1,1,0,0,0,65.41449275362328,320.0,1927.0724637681162,0.0,0.0,0.0,0.0,11.411956804999026,0.6074
W3_P2,10,4.1202,8.804,24.96,8.804,24.96,0.0,0.0,8.544734299516913,20.0,1.099065700483092,1,1,1,0,0,0,119.62628019323677,320.0,2198.1314009661837,0.0,0.0,0.0,0.0,11.389132891389028,0.8024
W3_P2,11,3.9000000000000004,9.3,31.36,9.3,31.36,0.0,0.0,14.544734299516913,20.0,1.309065700483092,1,1,1,0,0,0,203.62628019323677,320.0,2618.1314009661837,0.0,0.0,0.9061999999999983,0.0,12.18193462560625,0.8024
W3_P2,12,3.2598000000000003,9.012,35.84,9.012,35.84,0.0,0.0,20.0,20.0,1.5,1,1,1,0,0,0,280.0,320.0,3000.0,0.0,0.0,0.09220000000000361,0.0,12.240550756355043,0.8024
W3_P2,13,2.6898,10.704,37.12,10.704,37.12,0.0,0.0,20.0,20.0,1.5,1,1,1,0,0,0,280.0,320.0,3000.0,0.0,0.0,3.634199999999998,0.0,15.486849654842331,0.8024
W3_P2,14,3.63,10.604,32.0,10.604,32.0,0.0,0.0,17.559420289855066,20.0,1.4145797101449273,1,1,1,0,0,0,245.8318840579709,320.0,2829.1594202898546,0.0,0.0,0.0,0.0,15.455875955532647,0.8024
W3_P2,15,3.8202000000000003,14.552,25.6,14.552,25.6,0.0,0.0,13.976043956043943,20.0,1.289161538461538,1,1,1,0,0,0,195.66461538461522,320.0,2578.323076923076,0.0,0.0,1.0665945054945212,0.0,16.38489925856665,0.6074
W3_P2,16,3.75,13.724,19.2,13.724,19.2,0.0,0.0,7.976043956043944,20.0,1.079161538461538,1,1,1,0,0,0,111.66461538461522,320.0,2158.323076923076,0.0,0.0,0.11879450549451676,0.0,16.459044514994563,0.6074
W3_P2,17,3.1398,12.347999999999999,9.6,12.347999999999999,9.6,0.0,0.0,3.999999999999998,14.104038461538456,0.7041615384615382,1,1,1,0,0,0,55.99999999999997,225.6646153846153,1408.3230769230763,0.0,0.0,0.0,0.0,16.426126425964576,0.6074
W3_P2,18,2.61,12.152000000000001,3.2,12.152000000000001,3.2,0.0,0.0,3.999999999999998,8.271153846153847,0.4708461538461538,1,1,1,0,0,0,55.99999999999997,132.33846153846156,941.6923076923076,0.0,0.0,0.0,0.0,16.39327417311265,0.8024
W3_P2,19,2.1198,9.236,0.0,9.236,0.0,0.0,0.0,4.000000000000003,7.749999999999997,0.44999999999999996,1,1,1,0,0,0,56.00000000000004,123.99999999999996,899.9999999999999,0.0,0.0,0.0,5.0838,10.711820958099759,0.8024
W3_P2,20,1.8599999999999999,7.228,0.0,7.228,0.0,0.0,0.0,4.000000000000003,7.749999999999997,0.44999999999999996,1,1,1,0,0,0,56.00000000000004,123.99999999999996,899.9999999999999,0.0,0.0,0.0,6.832000000000001,3.099286205072447,0.8024
W3_P2,21,1.6301999999999999,6.252,0.0,6.252,0.0,0.0,0.0,4.000000000000002,10.000000000000002,0.5400000000000001,1,1,1,0,0,0,56.00000000000003,160.00000000000003,1080.0000000000002,9.918200000000029,0.0,0.0,-2.6575938840815365e-14,3.093087632662331,0.6074
W3_P2,22,1.56,6.452,0.0,6.452,0.0,0.0,0.0,8.0,15.875000000000004,0.9150000000000001,1,1,1,0,0,0,112.0,254.00000000000006,1830.0000000000002,19.898000000000003,0.0,0.0,0.0,3.0869014573970066,0.6074
W3_P2,23,1.4802,7.972,0.0,7.972,0.0,0.0,0.0,14.0,20.0,1.29,1,1,1,0,0,0,196.0,320.0,2580.0,28.805059781016418,-2.6621195547780737e-14,0.006859781016438483,0.0,3.086901457397007,0.3424
W3_P3,0,1.3698000000000001,11.904,0.0,11.904,0.0,0.0,0.0,20.0,20.0,1.5,1,1,1,0,0,0,280.0,320.0,3000.0,30.972659781016418,-1.8021016616769733e-14,0.0068597810164379895,0.0,3.086901457397007,0.3424
W3_P3,1,1.0997999999999999,13.384,0.0,13.384,0.0,0.0,0.0,20.0,20.0,1.5,1,1,1,0,0,0,280.0,320.0,3000.0,29.222659781016418,-1.825743959898022e-14,0.0068597810164379895,0.0,3.0869014573970075,0.3424
W3_P3,2,0.7998000000000001,14.268,0.0,14.268,0.0,0.0,0.0,20.0,20.0,1.5,1,1,1,0,0,0,280.0,320.0,3000.0,28.038659781016374,-5.898967506037387e-14,0.006859781016419886,-1.4210854715202004e-14,3.086901457397007,0.3424
W3_P3,3,0.99,15.72,0.0,15.72,0.0,0.0,0.0,20.0,20.0,1.5,1,1,1,0,0,0,280.0,320.0,3000.0,26.776859781016434,-0.0,0.006859781016436509,0.0,3.0869014573970075,0.3424
W3_P3,4,1.1802000000000001,15.088,0.0,15.088,0.0,0.0,0.0,20.0,20.0,1.5,1,1,1,0,0,0,280.0,320.0,3000.0,27.599059781016436,-0.0,0.006859781016436629,-0.0,3.086901457397006,0.3424
W3_P3,5,1.6301999999999999,13.475999999999999,0.0,13.475999999999999,0.0,0.0,0.0,20.0,20.0,1.5,1,1,1,0,0,0,280.0,320.0,3000.0,41.69660743610921,-0.0,12.042407436109213,0.0,13.918894346980505,0.3424
W3_P3,6,2.5002,13.832,0.0,13.832,0.0,0.0,0.0,20.0,20.0,1.5,1,1,1,0,0,0,280.0,320.0,3000.0,45.60270728698502,-0.0,15.434507286985024,0.0,27.782113116573065,0.3424
W3_P3,7,3.3701999999999996,12.76,1.28,12.76,1.28,0.0,0.0,20.0,20.0,1.5,1,1,1,0,0,0,280.0,320.0,3000.0,30.8302,0.0,0.0,0.0,27.72654889033992,0.6074
W3_P3,8,4.0098,10.712,3.2,10.712,3.2,0.0,0.0,16.0,20.0,1.36,1,1,1,0,0,0,224.0,320.0,2720.0,27.457800000000006,0.0,0.0,0.0,27.671095792559242,0.6074
W3_P3,9,4.199999999999999,11.916,5.12,11.916,5.12,0.0,0.0,10.0,20.0,1.1500000000000001,1,1,1,0,0,0,140.0,320.0,2300.0,18.314000000000004,0.0,0.0,0.0,27.615753600974124,0.6074
W3_P3,10,4.1202,8.804,7.68,8.804,7.68,0.0,0.0,4.000000000000004,15.874999999999996,0.7749999999999999,1,1,1,0,0,0,56.00000000000006,253.99999999999994,1549.9999999999998,0.0,0.0,0.0,8.286199999999997,18.35363320488329,0.8024
W3_P3,11,3.9000000000000004,9.3,11.52,9.3,11.52,0.0,0.0,4.0,12.28846153846154,0.6315384615384616,1,1,1,0,0,0,56.0,196.61538461538464,1263.076923076923,0.0,0.0,0.0,0.0,18.316925938473524,0.8024
W3_P3,12,3.2598000000000003,9.012,14.08,9.012,14.08,0.0,0.0,4.0,15.088653846153846,0.7435461538461539,1,1,1,0,0,0,56.0,241.41846153846154,1487.0923076923077,0.0,0.0,0.0,0.0,18.280292086596585,0.8024
W3_P3,13,2.6898,10.704,14.08,10.704,14.08,0.0,0.0,4.0,17.263653846153847,0.8305461538461538,1,1,1,0,0,0,56.0,276.21846153846155,1661.0923076923077,0.0,0.0,0.0,0.0,18.24373150242339,0.8024
W3_P3,14,3.63,10.604,11.52,10.604,11.52,0.0,0.0,3.999999999999998,13.801923076923073,0.6920769230769229,1,1,1,0,0,0,55.99999999999997,220.83076923076916,1384.1538461538457,0.0,0.0,0.0,0.0,18.207244039418544,0.8024
W3_P3,15,3.8202000000000003,14.552,7.04,14.552,7.04,0.0,0.0,7.630769230769232,20.0,1.067076923076923,1,1,1,0,0,0,106.83076923076925,320.0,2134.153846153846,10.926046153846158,0.0,0.0,0.0,18.170829551339708,0.6074
W3_P3,16,3.75,13.724,5.12,13.724,5.12,0.0,0.0,13.630769230769232,20.0,1.2770769230769232,1,1,1,0,0,0,190.83076923076925,320.0,2554.153846153846,19.813846153846157,0.0,0.0,0.0,18.13448789223703,0.6074
W3_P3,17,3.1398,12.347999999999999,3.2,12.347999999999999,3.2,0.0,0.0,7.630769230769232,20.0,1.067076923076923,1,1,1,0,0,0,106.83076923076925,320.0,2134.153846153846,27.0495285984245,0.0,10.759882444578343,0.0,27.78211311657307,0.6074
W3_P3,18,2.61,12.152000000000001,1.28,12.152000000000001,1.28,0.0,0.0,4.0,13.801923076923075,0.692076923076923,1,1,1,0,0,0,56.0,220.8307692307692,1384.153846153846,0.0,0.0,0.0,7.671999999999996,19.202104445895483,0.8024
W3_P3,19,2.1198,9.236,0.0,9.236,0.0,0.0,0.0,4.000000000000003,7.749999999999997,0.44999999999999996,1,1,1,0,0,0,56.00000000000004,123.99999999999996,899.9999999999999,0.0,0.0,0.0,5.0838,13.515033570337026,0.8024
W3_P3,20,1.8599999999999999,7.228,0.0,7.228,0.0,0.0,0.0,4.0,10.181722924249465,0.5472689169699786,1,1,1,0,0,0,56.0,162.90756678799144,1094.5378339399572,3.419486915845482e-14,0.0,0.0,9.360991841219409,3.086901457397007,0.8024
W3_P3,21,1.6301999999999999,6.252,0.0,6.252,0.0,0.0,0.0,8.12705089841886,15.945553388132964,0.9222689169699786,1,1,1,0,0,0,113.77871257786404,255.12885421012743,1844.5378339399572,20.37993298453824,0.0,0.00685978101643799,0.0,3.086901457397008,0.6074
W3_P3,22,1.56,6.452,0.0,6.452,0.0,0.0,0.0,14.127050898418856,20.0,1.29444678144466,1,1,1,0,0,0,197.77871257786398,320.0,2588.89356288932,30.536357460879948,0.0,0.006859781016436847,0.0,3.086901457397007,0.6074
W3_P3,23,1.4802,7.972,0.0,7.972,0.0,0.0,0.0,20.0,20.0,1.5,1,1,1,0,0,0,280.0,320.0,3000.0,35.01505978101644,-0.0,0.006859781016437614,0.0,3.086901457397007,0.3424
W3_P4,0,1.3698000000000001,11.904,0.0,11.904,0.0,0.0,0.0,20.0,20.0,1.5,1,1,1,0,0,0,280.0,320.0,3000.0,30.972659781016436,-0.0,0.006859781016437756,0.0,3.086901457397007,0.3424
W3_P4,1,1.0997999999999999,13.384,0.0,13.384,0.0,0.0,0.0,20.0,20.0,1.5,1,1,1,0,0,0,280.0,320.0,3000.0,29.222659781016418,-1.825743959898022e-14,0.006859781016437614,0.0,3.086901457397007,0.3424
W3_P4,2,0.7998000000000001,14.268,0.0,14.268,0.0,0.0,0.0,20.0,20.0,1.5,1,1,1,0,0,0,280.0,320.0,3000.0,28.03865978101641,-2.842170943040401e-14,0.006859781016429108,-7.105427357601002e-15,3.086901457397007,0.3424
W3_P4,3,0.99,15.72,0.0,15.72,0.0,0.0,0.0,20.0,20.0,1.5,1,1,1,0,0,0,280.0,320.0,3000.0,26.776859781016434,-0.0,0.006859781016437614,0.0,3.086901457397007,0.3424
W3_P4,4,1.1802000000000001,15.088,0.0,15.088,0.0,0.0,0.0,20.0,20.0,1.5,1,1,1,0,0,0,280.0,320.0,3000.0,27.599059781016436,-0.0,0.006859781016438483,0.0,3.086901457397006,0.3424
W3_P4,5,1.6301999999999999,13.475999999999999,0.0,13.475999999999999,0.0,0.0,0.0,20.0,20.0,1.5,1,1,1,0,0,0,280.0,320.0,3000.0,41.696607436109204,-0.0,12.042407436109201,0.0,13.918894346980494,0.3424
W3_P4,6,2.5002,13.832,0.0,13.832,0.0,0.0,0.0,20.0,20.0,1.5,1,1,1,0,0,0,280.0,320.0,3000.0,45.60270728698504,-0.0,15.434507286985035,0.0,27.78211311657307,0.3424
W3_P4,7,3.3701999999999996,12.76,0.0,12.76,0.0,0.0,0.0,20.0,20.0,1.5,1,1,1,0,0,0,280.0,320.0,3000.0,32.1102,0.0,0.0,0.0,27.726548890339927,0.6074
W3_P4,8,4.0098,10.712,0.0,10.712,0.0,0.0,0.0,16.0,20.0,1.36,1,1,1,0,0,0,224.0,320.0,2720.0,30.657800000000005,0.0,0.0,0.0,27.671095792559246,0.6074
W3_P4,9,4.199999999999999,11.916,0.0,11.916,0.0,0.0,0.0,10.0,20.0,1.1500000000000001,1,1,1,0,0,0,140.0,320.0,2300.0,23.618843906221045,0.0,0.18484390622104188,0.0,27.78211311657307,0.6074
W3_P4,10,4.1202,8.804,0.0,8.804,0.0,0.0,0.0,4.000000000000004,15.874999999999996,0.7749999999999999,1,1,1,0,0,0,56.00000000000006,253.99999999999994,1549.9999999999998,0.531692713014964,0.0,0.0,15.434507286985035,10.577096349245439,0.8024
W3_P4,11,3.9000000000000004,9.3,1.28,9.3,1.28,0.0,0.0,4.000000000000001,7.749999999999999,0.44999999999999996,1,1,1,0,0,0,56.000000000000014,123.99999999999999,899.9999999999999,0.0,0.0,0.0,5.519999999999999,4.422608823213616,0.8024
W3_P4,12,3.2598000000000003,9.012,5.12,9.012,5.12,0.0,0.0,4.000000000000001,7.749999999999999,0.44999999999999996,1,1,1,0,0,0,56.000000000000014,123.99999999999999,899.9999999999999,0.1447703395547566,0.0,0.0,1.1830296604452408,3.0992862050724765,0.8024
W3_P4,13,2.6898,10.704,7.68,10.704,7.68,0.0,0.0,4.0,11.109807692307692,0.5843923076923077,1,1,1,0,0,0,56.0,177.75692307692307,1168.7846153846153,0.0,0.0,0.0,0.0,3.0930876326623316,0.8024
W3_P4,14,3.63,10.604,5.12,10.604,5.12,0.0,0.0,4.0,14.803038461538463,0.7321215384615386,1,1,1,0,0,0,56.0,236.8486153846154,1464.243076923077,7.44116,0.0,0.0,0.0,3.086901457397007,0.8024
W3_P4,15,3.8202000000000003,14.552,1.28,14.552,1.28,0.0,0.0,8.774901098901106,20.0,1.1071215384615387,1,1,1,0,0,0,122.84861538461547,320.0,2214.2430769230773,17.877082418379082,0.0,0.006859781016438483,0.0,3.0869014573970115,0.6074
W3_P4,16,3.75,13.724,0.0,13.724,0.0,0.0,0.0,14.77490109890111,20.0,1.3171215384615387,1,1,1,0,0,0,206.84861538461553,320.0,2634.2430769230773,38.16043007347184,0.0,12.042407436109196,0.0,13.918894346980494,0.6074
W3_P4,17,3.1398,12.347999999999999,0.0,12.347999999999999,0.0,0.0,0.0,8.774901098901106,20.0,1.1071215384615387,1,1,1,0,0,0,122.84861538461547,320.0,2214.2430769230773,36.10832992434768,0.0,15.434507286985035,0.0,27.782113116573065,0.6074
W3_P4,18,2.61,12.152000000000001,0.0,12.152000000000001,0.0,0.0,0.0,4.0,14.803038461538467,0.7321215384615387,1,1,1,0,0,0,56.0,236.84861538461547,1464.2430769230773,0.0,0.0,0.0,9.993160000000003,16.62303777922881,0.8024
W3_P4,19,2.1198,9.236,0.0,9.236,0.0,0.0,0.0,4.000000000000001,7.749999999999999,0.44999999999999996,1,1,1,0,0,0,56.000000000000014,123.99999999999999,899.9999999999999,0.0,0.0,0.0,5.083799999999997,10.941125037003687,0.8024
W3_P4,20,1.8599999999999999,7.228,0.0,7.228,0.0,0.0,0.0,4.000000000000004,15.874999999999996,0.7749999999999999,1,1,1,0,0,0,56.00000000000006,253.99999999999994,1549.9999999999998,8.232892803420595,0.0,0.0,7.0491071965794045,3.086901457397008,0.8024
W3_P4,21,1.6301999999999999,6.252,0.0,6.252,0.0,0.0,0.0,10.0,20.0,1.1500000000000001,1,1,1,0,0,0,140.0,320.0,2300.0,26.535059781016443,0.0,0.006859781016436847,0.0,3.086901457397007,0.6074
W3_P4,22,1.56,6.452,0.0,6.452,0.0,0.0,0.0,16.0,20.0,1.36,1,1,1,0,0,0,224.0,320.0,2720.0,32.47485978101644,0.0,0.006859781016437614,0.0,3.086901457397007,0.6074
W3_P4,23,1.4802,7.972,0.0,7.972,0.0,0.0,0.0,20.0,20.0,1.5,1,1,1,0,0,0,280.0,320.0,3000.0,35.01505978101644,-0.0,0.0068597810164379895,0.0,3.086901457397007,0.3424
W4_P1,0,1.3698000000000001,13.495999999999999,0.0,13.495999999999999,0.0,0.0,0.0,14.000000000000004,17.749999999999968,1.1999999999999988,1,1,1,0,0,0,196.00000000000006,283.9999999999995,2399.9999999999977,20.8306597810164,-1.0942420303195079e-14,0.00685978101643776,0.0,3.086901457397008,0.3424
W4_P1,1,1.0997999999999999,14.084000000000001,0.0,14.084000000000001,0.0,0.0,0.0,20.0,20.0,1.5,1,1,1,0,0,0,280.0,320.0,3000.0,28.522659781016436,-0.0,0.006859781016436847,0.0,3.086901457397007,0.3424
W4_P1,2,0.7998000000000001,13.091999999999999,0.0,13.091999999999999,0.0,0.0,0.0,20.0,20.0,1.5,1,1,1,0,0,0,280.0,320.0,3000.0,29.214659781016437,-0.0,0.006859781016437614,0.0,3.086901457397007,0.3424
W4_P1,3,0.99,20.168,0.0,20.168,0.0,0.0,0.0,20.0,20.0,1.5,1,1,1,0,0,0,280.0,320.0,3000.0,22.328859781016437,-0.0,0.0068597810164379895,0.0,3.086901457397007,0.3424
W4_P1,4,1.1802000000000001,19.276,0.0,19.276,0.0,0.0,0.0,20.0,20.0,1.5,1,1,1,0,0,0,280.0,320.0,3000.0,23.411059781016434,-0.0,0.006859781016437614,0.0,3.086901457397007,0.3424
W4_P1,5,1.6301999999999999,23.08,0.0,23.08,0.0,0.0,0.0,20.0,20.0,1.5,1,1,1,0,0,0,280.0,320.0,3000.0,32.0926074361092,-0.0,12.0424074361092,0.0,13.918894346980494,0.3424
W4_P1,6,2.5002,28.355999999999998,14.08,28.355999999999998,14.08,0.0,0.0,20.0,20.0,1.5,1,1,1,0,0,0,280.0,320.0,3000.0,16.998707286985034,-0.0,15.434507286985035,0.0,27.782113116573065,0.3424
W4_P1,7,3.3701999999999996,26.36,25.6,26.36,25.6,0.0,0.0,14.0,20.0,1.29,1,1,1,0,0,0,196.0,320.0,2580.0,0.0,13.299800000000005,0.0,0.0,27.726548890339924,0.6074
W4_P1,8,4.0098,25.076,37.12,25.076,37.12,0.0,0.0,20.0,20.0,1.5,1,1,1,0,0,0,280.0,320.0,3000.0,0.0,16.686200000000007,0.0,0.0,27.671095792559242,0.6074
W4_P1,9,4.199999999999999,22.112,46.08,22.112,46.08,0.0,0.0,14.0,20.0,1.29,1,1,1,0,0,0,196.0,320.0,2580.0,0.0,28.701999999999998,0.0,0.0,27.615753600974127,0.6074
W4_P1,10,4.1202,8.995999999999999,52.48,8.995999999999999,52.48,0.0,0.0,8.0,20.0,1.08,1,1,1,0,0,0,112.0,320.0,2160.0,0.0,28.275800000000007,0.0,0.0,27.56052209377218,0.8024
W4_P1,11,3.9000000000000004,7.652,55.04,7.652,55.04,0.0,0.0,4.0,20.0,0.94,1,1,1,0,0,0,56.0,320.0,1879.9999999999998,0.0,33.852000000000004,0.0,0.0,27.505401049584638,0.8024
W4_P1,12,3.2598000000000003,10.815999999999999,56.32,10.815999999999999,56.32,0.0,0.0,9.600000000000023,20.0,1.1360000000000008,1,1,1,0,0,0,134.40000000000032,320.0,2272.0000000000014,0.0,33.14019999999998,0.0,0.0,27.450390247485473,0.8024
W4_P1,13,2.6898,10.952,56.32,10.952,56.32,0.0,0.0,15.600000000000023,20.0,1.3460000000000008,1,1,1,0,0,0,218.40000000000032,320.0,2692.0000000000014,0.0,27.63619999999998,0.0,0.0,27.3954894669905,0.8024
W4_P1,14,3.63,15.152000000000001,52.48,15.152000000000001,52.48,0.0,0.0,9.600000000000023,20.0,1.1360000000000008,1,1,1,0,0,0,134.40000000000032,320.0,2272.0000000000014,0.0,33.26599999999999,0.0,0.0,27.340698488056525,0.8024
W4_P1,15,3.8202000000000003,21.66,44.8,21.66,44.8,0.0,0.0,15.600000000000023,20.0,1.3460000000000008,1,1,1,0,0,0,218.40000000000032,320.0,2692.0000000000014,0.0,25.693799999999975,0.0,0.0,27.28601709108041,0.6074
W4_P1,16,3.75,17.16,33.28,17.16,33.28,0.0,0.0,9.600000000000023,20.0,1.1360000000000008,1,1,1,0,0,0,134.40000000000032,320.0,2272.0000000000014,0.0,15.953999999999972,0.0,0.0,27.231445056898252,0.6074
W4_P1,17,3.1398,16.612000000000002,24.32,16.612000000000002,24.32,0.0,0.0,10.0,20.0,1.1500000000000001,1,1,1,0,0,0,140.0,320.0,2300.0,0.0,6.642199999999995,0.0,0.0,27.176982166784455,0.6074
W4_P1,18,2.61,15.328,11.52,15.328,11.52,0.0,0.0,4.0,17.125,0.825,1,1,1,0,0,0,56.0,274.0,1649.9999999999998,0.0,1.5552389843086916,0.7327610156913088,0.0,27.782113116573065,0.8024
W4_P1,19,2.1198,9.416,0.0,9.416,0.0,0.0,0.0,4.000000000000003,7.749999999999997,0.44999999999999996,1,1,1,0,0,0,56.00000000000004,123.99999999999996,899.9999999999999,0.0,0.0,0.0,4.9038,22.277882223673256,0.8024
W4_P1,20,1.8599999999999999,8.808,0.0,8.808,0.0,0.0,0.0,4.000000000000003,7.749999999999997,0.44999999999999996,1,1,1,0,0,0,56.00000000000004,123.99999999999996,899.9999999999999,0.0,0.0,0.0,5.252000000000001,16.397770903670352,0.8024
W4_P1,21,1.6301999999999999,5.215999999999999,0.0,5.215999999999999,0.0,0.0,0.0,4.000000000000003,7.749999999999997,0.44999999999999996,1,1,1,0,0,0,56.00000000000004,123.99999999999996,899.9999999999999,4.292747536705326,0.0,0.0,4.321452463294676,11.563361513757815,0.6074
W4_P1,22,1.56,6.151999999999999,0.0,6.151999999999999,0.0,0.0,0.0,4.000000000000001,7.7499999999999725,0.44999999999999896,1,1,1,0,0,0,56.000000000000014,123.99999999999956,899.9999999999978,1.021405182655144e-14,0.0,0.0,7.607999999999963,3.086901457397007,0.6074
W4_P1,23,1.4802,8.464,0.0,8.464,0.0,0.0,0.0,8.000000000000002,13.624999999999973,0.824999999999999,1,1,1,0,0,0,112.00000000000003,217.99999999999957,1649.999999999998,15.47305978101641,-5.179461765115394e-15,0.0068597810164379895,0.0,3.086901457397007,0.3424
W4_P2,0,1.3698000000000001,13.495999999999999,0.0,13.495999999999999,0.0,0.0,0.0,14.000000000000009,17.749999999999993,1.2,1,1,1,0,0,0,196.0000000000001,283.9999999999999,2400.0,20.830659781016443,-0.0,0.0068597810164379895,0.0,3.086901457397007,0.3424
W4_P2,1,1.0997999999999999,14.084000000000001,0.0,14.084000000000001,0.0,0.0,0.0,20.000000000000007,20.0,1.5000000000000002,1,1,1,0,0,0,280.0000000000001,320.0,3000.0000000000005,28.52265978101643,-1.0263357851014587e-14,0.0068597810164379895,0.0,3.086901457397007,0.3424
W4_P2,2,0.7998000000000001,13.091999999999999,0.0,13.091999999999999,0.0,0.0,0.0,20.000000000000018,20.0,1.5000000000000004,1,1,1,0,0,0,280.0000000000002,320.0,3000.000000000001,29.21465978101645,-0.0,0.006859781016437614,0.0,3.086901457397007,0.3424
W4_P2,3,0.99,20.168,0.0,20.168,0.0,0.0,0.0,19.999999999999993,20.0,1.4999999999999998,1,1,1,0,0,0,279.9999999999999,320.0,2999.9999999999995,22.328859781016426,0.0,0.0068597810164444046,7.105427357601003e-15,3.0869014573970075,0.3424
W4_P2,4,1.1802000000000001,19.276,0.0,19.276,0.0,0.0,0.0,20.0,20.0,1.5,1,1,1,0,0,0,280.0,320.0,3000.0,23.41105978101644,6.4868800361084145e-15,0.006859781016436629,0.0,3.086901457397006,0.3424
W4_P2,5,1.6301999999999999,23.08,0.0,23.08,0.0,0.0,0.0,20.0,20.0,1.5,1,1,1,0,0,0,280.0,320.0,3000.0,32.092607436109205,0.0,12.042407436109201,0.0,13.918894346980494,0.3424
W4_P2,6,2.5002,28.355999999999998,0.0,28.355999999999998,0.0,0.0,0.0,15.352463768115927,20.0,1.3373362318840574,1,1,1,0,0,0,214.93449275362298,320.0,2674.6724637681145,26.268507286985017,-0.0,15.434507286985035,0.0,27.782113116573065,0.3424
W4_P2,7,3.3701999999999996,26.36,3.2,26.36,3.2,0.0,0.0,9.352463768115925,15.87500000000002,0.962336231884058,1,1,1,0,0,0,130.93449275362295,254.0000000000003,1924.6724637681161,0.0,0.0,0.0,0.0,27.72654889033992,0.6074
W4_P2,8,4.0098,25.076,10.88,25.076,10.88,0.0,0.0,10.769275362318846,20.0,1.1769246376811595,1,1,1,0,0,0,150.76985507246383,320.0,2353.849275362319,0.0,0.0,0.0,0.0,27.671095792559242,0.6074
W4_P2,9,4.199999999999999,22.112,17.92,22.112,17.92,0.0,0.0,14.52367149758454,20.0,1.308328502415459,1,1,1,0,0,0,203.33140096618354,320.0,2616.6570048309177,0.0,0.0,0.0,0.0,27.615753600974124,0.6074
W4_P2,10,4.1202,8.995999999999999,24.96,8.995999999999999,24.96,0.0,0.0,8.730241545893724,20.0,1.1055584541062804,1,1,1,0,0,0,122.22338164251215,320.0,2211.1169082125607,0.0,0.0,0.0,0.0,27.560522093772178,0.8024
W4_P2,11,3.9000000000000004,7.652,31.36,7.652,31.36,0.0,0.0,13.828019323671494,20.0,1.2839806763285024,1,1,1,0,0,0,193.5922705314009,320.0,2567.9613526570047,0.0,0.0,0.0,0.0,27.505401049584634,0.8024
W4_P2,12,3.2598000000000003,10.815999999999999,35.84,10.815999999999999,35.84,0.0,0.0,19.828019323671494,20.0,1.4939806763285024,1,1,1,0,0,0,277.5922705314009,320.0,2987.9613526570047,0.0,2.0742000000000047,0.0,0.0,27.450390247485473,0.8024
W4_P2,13,2.6898,10.952,37.12,10.952,37.12,0.0,0.0,20.0,20.0,1.5,1,1,1,0,0,0,280.0,320.0,3000.0,0.0,3.8821999999999957,0.0,0.0,27.3954894669905,0.8024
W4_P2,14,3.63,15.152000000000001,32.0,15.152000000000001,32.0,0.0,0.0,20.0,20.0,1.5,1,1,1,0,0,0,280.0,320.0,3000.0,0.0,2.022000000000001,0.0,0.0,27.34069848805652,0.8024
W4_P2,15,3.8202000000000003,21.66,25.6,21.66,25.6,0.0,0.0,16.615676640654343,20.0,1.381548682422902,1,1,1,0,0,0,232.6194729691608,320.0,2763.097364845804,0.0,5.44257467692276,0.0,0.0,27.28601709108041,0.6074
W4_P2,16,3.75,17.16,19.2,17.16,19.2,0.0,0.0,10.615676640654344,20.0,1.171548682422902,1,1,1,0,0,0,148.61947296916082,320.0,2343.097364845804,0.0,0.21092127728406973,0.6118533996386853,0.0,27.782113116573065,0.6074
W4_P2,17,3.1398,16.612000000000002,9.6,16.612000000000002,9.6,0.0,0.0,4.615676640654344,17.591321804733422,0.8652015546122389,1,1,1,0,0,0,64.61947296916082,281.46114887573475,1730.4031092244777,0.0,0.0,0.0,0.0,27.72654889033992,0.6074
W4_P2,18,2.61,15.328,3.2,15.328,3.2,0.0,0.0,4.0,11.206391747848478,0.5882556699139391,1,1,1,0,0,0,56.0,179.30226796557565,1176.5113398278781,0.0,0.0,0.12335258223758111,0.0,27.782113116573065,0.8024
W4_P2,19,2.1198,9.416,0.0,9.416,0.0,0.0,0.0,4.000000000000003,7.749999999999997,0.44999999999999996,1,1,1,0,0,0,56.00000000000004,123.99999999999996,899.9999999999999,0.0,0.0,0.0,4.903799999999999,22.27788222367326,0.8024
W4_P2,20,1.8599999999999999,8.808,0.0,8.808,0.0,0.0,0.0,4.000000000000003,7.749999999999997,0.44999999999999996,1,1,1,0,0,0,56.00000000000004,123.99999999999996,899.9999999999999,0.0,0.0,0.0,5.252000000000001,16.397770903670356,0.8024
W4_P2,21,1.6301999999999999,5.215999999999999,0.0,5.215999999999999,0.0,0.0,0.0,4.000000000000003,7.749999999999997,0.44999999999999996,1,1,1,0,0,0,56.00000000000004,123.99999999999996,899.9999999999999,0.0,0.0,0.0,8.614200000000002,6.79364202852968,0.6074
W4_P2,22,1.56,6.151999999999999,0.0,6.151999999999999,0.0,0.0,0.0,4.0,7.75,0.44999999999999996,1,1,1,0,0,0,56.0,124.0,899.9999999999999,4.284162041631948,0.0,0.0,3.323837958368052,3.086901457397007,0.6074
W4_P2,23,1.4802,8.464,0.0,8.464,0.0,0.0,0.0,8.000000000000009,13.624999999999993,0.825,1,1,1,0,0,0,112.00000000000011,217.9999999999999,1649.9999999999998,15.473059781016426,-1.2434497875801753e-14,0.006859781016437614,0.0,3.086901457397007,0.3424
W4_P3,0,1.3698000000000001,13.495999999999999,0.0,13.495999999999999,0.0,0.0,0.0,20.0,20.0,1.5,1,1,1,0,0,0,280.0,320.0,3000.0,29.380659781016437,-0.0,0.006859781016437756,0.0,3.086901457397007,0.3424
W4_P3,1,1.0997999999999999,14.084000000000001,0.0,14.084000000000001,0.0,0.0,0.0,20.0,20.0,1.5,1,1,1,0,0,0,280.0,320.0,3000.0,28.522659781016433,-0.0,0.006859781016437614,0.0,3.086901457397007,0.3424
W4_P3,2,0.7998000000000001,13.091999999999999,0.0,13.091999999999999,0.0,0.0,0.0,20.0,20.0,1.5,1,1,1,0,0,0,280.0,320.0,3000.0,29.21465978101644,-0.0,0.0068597810164379895,0.0,3.086901457397007,0.3424
W4_P3,3,0.99,20.168,0.0,20.168,0.0,0.0,0.0,20.0,20.0,1.5,1,1,1,0,0,0,280.0,320.0,3000.0,22.328859781016437,-0.0,0.006859781016437614,0.0,3.086901457397007,0.3424
W4_P3,4,1.1802000000000001,19.276,0.0,19.276,0.0,0.0,0.0,20.0,20.0,1.5,1,1,1,0,0,0,280.0,320.0,3000.0,23.411059781016434,-0.0,0.006859781016438483,0.0,3.086901457397006,0.3424
W4_P3,5,1.6301999999999999,23.08,0.0,23.08,0.0,0.0,0.0,20.0,20.0,1.5,1,1,1,0,0,0,280.0,320.0,3000.0,32.09260743610922,1.9602453751618043e-14,12.042407436109201,0.0,13.918894346980494,0.3424
W4_P3,6,2.5002,28.355999999999998,0.0,28.355999999999998,0.0,0.0,0.0,20.0,20.0,1.5,1,1,1,0,0,0,280.0,320.0,3000.0,31.078707286985033,-0.0,15.434507286985035,-0.0,27.78211311657307,0.3424
W4_P3,7,3.3701999999999996,26.36,1.28,26.36,1.28,0.0,0.0,20.0,20.0,1.5,1,1,1,0,0,0,280.0,320.0,3000.0,17.2302,0.0,0.0,0.0,27.726548890339927,0.6074
W4_P3,8,4.0098,25.076,3.2,25.076,3.2,0.0,0.0,16.0,20.0,1.36,1,1,1,0,0,0,224.0,320.0,2720.0,13.093800000000002,0.0,0.0,0.0,27.671095792559246,0.6074
W4_P3,9,4.199999999999999,22.112,5.12,22.112,5.12,0.0,0.0,10.0,20.0,1.1500000000000001,1,1,1,0,0,0,140.0,320.0,2300.0,8.118000000000006,0.0,0.0,0.0,27.615753600974127,0.6074
W4_P3,10,4.1202,8.995999999999999,7.68,8.995999999999999,7.68,0.0,0.0,4.000000000000004,15.874999999999996,0.7749999999999999,1,1,1,0,0,0,56.00000000000006,253.99999999999994,1549.9999999999998,0.0,0.0,0.0,8.0942,18.566966538216622,0.8024
W4_P3,11,3.9000000000000004,7.652,11.52,7.652,11.52,0.0,0.0,4.000000000000004,10.703846153846152,0.5681538461538462,1,1,1,0,0,0,56.00000000000006,171.26153846153844,1136.3076923076924,0.0,0.0,0.0,0.0,18.52983260514019,0.8024
W4_P3,12,3.2598000000000003,10.815999999999999,14.08,10.815999999999999,14.08,0.0,0.0,4.0,16.82326923076923,0.8129307692307692,1,1,1,0,0,0,56.0,269.1723076923077,1625.8615384615384,0.0,0.0,0.0,0.0,18.49277293992991,0.8024
W4_P3,13,2.6898,10.952,14.08,10.952,14.08,0.0,0.0,4.000000000000004,17.50211538461538,0.8400846153846153,1,1,1,0,0,0,56.00000000000006,280.03384615384607,1680.1692307692306,0.0,0.0,0.0,0.0,18.455787394050052,0.8024
W4_P3,14,3.63,15.152000000000001,11.52,15.152000000000001,11.52,0.0,0.0,4.000000000000004,18.175,0.8670000000000001,1,1,1,0,0,0,56.00000000000006,290.8,1734.0000000000002,0.0,0.0,0.0,0.0,18.418875819261952,0.8024
W4_P3,15,3.8202000000000003,21.66,7.04,21.66,7.04,0.0,0.0,10.0,20.0,1.1500000000000001,1,1,1,0,0,0,140.0,320.0,2300.0,6.270200000000003,0.0,0.0,0.0,18.38203806762343,0.6074
W4_P3,16,3.75,17.16,5.12,17.16,5.12,0.0,0.0,10.0,20.0,1.1500000000000001,1,1,1,0,0,0,140.0,320.0,2300.0,12.620000000000005,0.0,0.0,0.0,18.345273991488185,0.6074
W4_P3,17,3.1398,16.612000000000002,3.2,16.612000000000002,3.2,0.0,0.0,4.0,20.0,0.94,1,1,1,0,0,0,56.0,320.0,1879.9999999999998,10.40551935991056,0.0,2.1377193599105624,0.0,20.232530867424714,0.6074
W4_P3,18,2.61,15.328,1.28,15.328,1.28,0.0,0.0,4.000000000000002,10.624999999999996,0.565,1,1,1,0,0,0,56.00000000000003,169.99999999999994,1129.9999999999998,0.0,0.0,0.0,1.1919999999999973,18.867621361245426,0.8024
W4_P3,19,2.1198,9.416,0.0,9.416,0.0,0.0,0.0,4.000000000000001,7.749999999999999,0.44999999999999996,1,1,1,0,0,0,56.000000000000014,123.99999999999999,899.9999999999999,0.0,0.0,0.0,4.903799999999998,13.38121945185627,0.8024
W4_P3,20,1.8599999999999999,8.808,0.0,8.808,0.0,0.0,0.0,4.000000000000002,11.58538461538461,0.6034153846153845,1,1,1,0,0,0,56.00000000000003,185.36615384615376,1206.830769230769,0.0,0.0,0.0,9.240799999999995,3.086901457397008,0.8024
W4_P3,21,1.6301999999999999,5.215999999999999,0.0,5.215999999999999,0.0,0.0,0.0,8.0,17.460384615384612,0.9784153846153845,1,1,1,0,0,0,112.0,279.3661538461538,1956.830769230769,22.859859781016436,0.0,0.006859781016436847,0.0,3.086901457397007,0.6074
W4_P3,22,1.56,6.151999999999999,0.0,6.151999999999999,0.0,0.0,0.0,14.0,20.0,1.29,1,1,1,0,0,0,196.0,320.0,2580.0,30.704859781016438,0.0,0.006859781016437614,0.0,3.086901457397007,0.6074
W4_P3,23,1.4802,8.464,0.0,8.464,0.0,0.0,0.0,20.0,20.0,1.5,1,1,1,0,0,0,280.0,320.0,3000.0,34.523059781016435,-0.0,0.0068597810164379895,0.0,3.086901457397007,0.3424
W4_P4,0,1.3698000000000001,13.495999999999999,0.0,13.495999999999999,0.0,0.0,0.0,20.0,20.0,1.5,1,1,1,0,0,0,280.0,320.0,3000.0,29.380659781016455,1.823609398115778e-14,0.006859781016437614,0.0,3.086901457397007,0.3424
W4_P4,1,1.0997999999999999,14.084000000000001,0.0,14.084000000000001,0.0,0.0,0.0,20.0,20.0,1.5,1,1,1,0,0,0,280.0,320.0,3000.0,28.522659781016433,-0.0,0.0068597810164379895,-0.0,3.086901457397007,0.3424
W4_P4,2,0.7998000000000001,13.091999999999999,0.0,13.091999999999999,0.0,0.0,0.0,20.0,20.0,1.5,1,1,1,0,0,0,280.0,320.0,3000.0,29.21465978101644,-0.0,0.006859781016437614,0.0,3.086901457397007,0.3424
W4_P4,3,0.99,20.168,0.0,20.168,0.0,0.0,0.0,20.0,20.0,1.5,1,1,1,0,0,0,280.0,320.0,3000.0,22.328859781016437,-0.0,0.0068597810164379895,0.0,3.086901457397007,0.3424
W4_P4,4,1.1802000000000001,19.276,0.0,19.276,0.0,0.0,0.0,20.0,20.0,1.5,1,1,1,0,0,0,280.0,320.0,3000.0,23.411059781016434,-0.0,0.006859781016437614,0.0,3.086901457397007,0.3424
W4_P4,5,1.6301999999999999,23.08,0.0,23.08,0.0,0.0,0.0,20.0,20.0,1.5,1,1,1,0,0,0,280.0,320.0,3000.0,32.09260743610922,1.9602453751618043e-14,12.042407436109196,0.0,13.91889434698049,0.3424
W4_P4,6,2.5002,28.355999999999998,0.0,28.355999999999998,0.0,0.0,0.0,20.0,20.0,1.5,1,1,1,0,0,0,280.0,320.0,3000.0,31.078707286985047,8.881784197001252e-15,15.43450728698504,0.0,27.782113116573065,0.3424
W4_P4,7,3.3701999999999996,26.36,0.0,26.36,0.0,0.0,0.0,20.0,20.0,1.5,1,1,1,0,0,0,280.0,320.0,3000.0,18.5102,0.0,0.0,0.0,27.726548890339924,0.6074
W4_P4,8,4.0098,25.076,0.0,25.076,0.0,0.0,0.0,16.0,20.0,1.36,1,1,1,0,0,0,224.0,320.0,2720.0,16.293800000000005,0.0,0.0,0.0,27.671095792559242,0.6074
W4_P4,9,4.199999999999999,22.112,0.0,22.112,0.0,0.0,0.0,10.0,20.0,1.1500000000000001,1,1,1,0,0,0,140.0,320.0,2300.0,13.422843906221049,0.0,0.18484390622104582,0.0,27.782113116573065,0.6074
W4_P4,10,4.1202,8.995999999999999,0.0,8.995999999999999,0.0,0.0,0.0,4.000000000000004,15.874999999999996,0.7749999999999999,1,1,1,0,0,0,56.00000000000006,253.99999999999994,1549.9999999999998,0.3396927130149656,0.0,0.0,15.434507286985035,10.577096349245437,0.8024
W4_P4,11,3.9000000000000004,7.652,1.28,7.652,1.28,0.0,0.0,4.000000000000001,7.749999999999999,0.44999999999999996,1,1,1,0,0,0,56.000000000000014,123.99999999999999,899.9999999999999,0.4625995386320252,0.0,0.0,6.705400461367973,3.105497199471419,0.8024
W4_P4,12,3.2598000000000003,10.815999999999999,5.12,10.815999999999999,5.12,0.0,0.0,4.0,8.207884615384614,0.4683153846153846,1,1,1,0,0,0,56.0,131.32615384615383,936.6307692307691,0.0,0.0,0.0,0.0,3.0992862050724765,0.8024
W4_P4,13,2.6898,10.952,7.68,10.952,7.68,0.0,0.0,4.0,11.348269230769228,0.5939307692307692,1,1,1,0,0,0,56.0,181.57230769230765,1187.8615384615382,0.0,0.0,0.0,0.0,3.0930876326623316,0.8024
W4_P4,14,3.63,15.152000000000001,5.12,15.152000000000001,5.12,0.0,0.0,4.0,14.66376923076924,0.7265507692307696,1,1,1,0,0,0,56.0,234.62030769230785,1453.1015384615391,2.7483200000000063,0.0,0.0,0.0,3.086901457397007,0.8024
W4_P4,15,3.8202000000000003,21.66,1.28,21.66,1.28,0.0,0.0,8.61573626373627,20.0,1.1015507692307696,1,1,1,0,0,0,120.62030769230779,320.0,2203.101538461539,10.604346813983476,0.0,0.006859781016437614,0.0,3.086901457397007,0.6074
W4_P4,16,3.75,17.16,0.0,17.16,0.0,0.0,0.0,14.615736263736276,20.0,1.3115507692307695,1,1,1,0,0,0,204.62030769230785,320.0,2623.101538461539,34.55969446907624,0.0,12.0424074361092,0.0,13.918894346980494,0.6074
W4_P4,17,3.1398,16.612000000000002,0.0,16.612000000000002,0.0,0.0,0.0,8.61573626373627,20.0,1.1015507692307696,1,1,1,0,0,0,120.62030769230779,320.0,2203.101538461539,31.679594319952077,0.0,15.434507286985035,0.0,27.782113116573065,0.6074
W4_P4,18,2.61,15.328,0.0,15.328,0.0,0.0,0.0,4.0,14.66376923076924,0.7265507692307696,1,1,1,0,0,0,56.0,234.62030769230785,1453.1015384615391,0.0,0.0,0.0,6.67232000000001,20.31286000145102,0.8024
W4_P4,19,2.1198,9.416,0.0,9.416,0.0,0.0,0.0,4.000000000000003,7.749999999999997,0.44999999999999996,1,1,1,0,0,0,56.00000000000004,123.99999999999996,899.9999999999999,3.1720269339284877,0.0,0.0,1.7317730660715123,18.348041985813104,0.8024
W4_P4,20,1.8599999999999999,8.808,0.0,8.808,0.0,0.0,0.0,4.000000000000004,15.874999999999996,0.7749999999999999,1,1,1,0,0,0,56.00000000000006,253.99999999999994,1549.9999999999998,-2.4868995751603507e-14,0.0,0.0,13.702000000000023,3.086901457397007,0.8024
W4_P4,21,1.6301999999999999,5.215999999999999,0.0,5.215999999999999,0.0,0.0,0.0,10.0,20.0,1.1500000000000001,1,1,1,0,0,0,140.0,320.0,2300.0,27.571059781016444,0.0,0.0068597810164379895,0.0,3.086901457397007,0.6074
W4_P4,22,1.56,6.151999999999999,0.0,6.151999999999999,0.0,0.0,0.0,16.0,20.0,1.36,1,1,1,0,0,0,224.0,320.0,2720.0,32.774859781016445,0.0,0.006859781016437614,0.0,3.086901457397007,0.6074
W4_P4,23,1.4802,8.464,0.0,8.464,0.0,0.0,0.0,20.0,20.0,1.5,1,1,1,0,0,0,280.0,320.0,3000.0,34.523059781016435,-0.0,0.0068597810164379895,0.0,3.086901457397007,0.3424
W5_P1,0,1.3698000000000001,9.776,0.0,9.776,0.0,0.0,0.0,13.999999999999988,19.995944642806993,1.2898377857122791,1,1,1,0,0,0,195.99999999999983,319.9351142849119,2579.6755714245583,26.88644220953569,-0.0,0.0068597810164379895,0.0,3.086901457397007,0.3424
W5_P1,1,1.0997999999999999,13.5,0.0,13.5,0.0,0.0,0.0,20.0,20.0,1.5,1,1,1,0,0,0,280.0,320.0,3000.0,29.10665978101644,-0.0,0.006859781016437756,0.0,3.086901457397007,0.3424
W5_P1,2,0.7998000000000001,15.392,0.0,15.392,0.0,0.0,0.0,19.999999999999993,20.0,1.4999999999999996,1,1,1,0,0,0,279.9999999999999,320.0,2999.999999999999,26.91465978101644,9.284623868902052e-15,0.006859781016437614,0.0,3.086901457397007,0.3424
W5_P1,3,0.99,13.312,0.0,13.312,0.0,0.0,0.0,20.0,20.0,1.5,1,1,1,0,0,0,280.0,320.0,3000.0,29.18485978101641,-2.555629347759263e-14,0.0068597810164379895,0.0,3.086901457397007,0.3424
W5_P1,4,1.1802000000000001,15.144,0.0,15.144,0.0,0.0,0.0,20.0,20.0,1.5,1,1,1,0,0,0,280.0,320.0,3000.0,27.543059781016453,1.848435162236349e-14,0.006859781016438483,0.0,3.086901457397006,0.3424
W5_P1,5,1.6301999999999999,14.315999999999999,0.0,14.315999999999999,0.0,0.0,0.0,20.0,20.0,1.5,1,1,1,0,0,0,280.0,320.0,3000.0,40.8566074361092,-0.0,12.042407436109201,0.0,13.918894346980494,0.3424
W5_P1,6,2.5002,17.852,14.08,17.852,14.08,0.0,0.0,19.999999999999993,20.0,1.4999999999999996,1,1,1,0,0,0,279.9999999999999,320.0,2999.999999999999,27.502707286985025,-0.0,15.434507286985035,0.0,27.782113116573065,0.3424
W5_P1,7,3.3701999999999996,9.628,25.6,9.628,25.6,0.0,0.0,13.999999999999991,16.699807692307697,1.1579923076923075,1,1,1,0,0,0,195.9999999999999,267.19692307692316,2315.984615384615,0.0,0.0,0.0,0.0,27.72654889033992,0.6074
W5_P1,8,4.0098,22.324,37.12,22.324,37.12,0.0,0.0,7.999999999999996,20.0,1.0799999999999998,1,1,1,0,0,0,111.99999999999994,320.0,2159.9999999999995,0.0,26.35420000000001,0.0,0.0,27.671095792559242,0.6074
W5_P1,9,4.199999999999999,20.928,46.08,20.928,46.08,0.0,0.0,7.4170059916560955,20.0,1.0595952097079633,1,1,1,0,0,0,103.83808388318533,320.0,2119.1904194159265,0.0,34.331398798635945,0.0,0.0,27.615753600974124,0.6074
W5_P1,10,4.1202,15.995999999999999,52.48,15.995999999999999,52.48,0.0,0.0,13.417005991656087,20.0,1.269595209707963,1,1,1,0,0,0,187.83808388318522,320.0,2539.190419415926,0.0,29.669198798635954,0.0,0.0,27.560522093772178,0.8024
W5_P1,11,3.9000000000000004,14.328000000000001,55.04,14.328000000000001,55.04,0.0,0.0,19.41700599165609,20.0,1.479595209707963,1,1,1,0,0,0,271.8380838831853,320.0,2959.190419415926,0.0,24.571398798635947,0.0,0.0,27.505401049584634,0.8024
W5_P1,12,3.2598000000000003,12.74,56.32,12.74,56.32,0.0,0.0,13.417005991656087,20.0,1.269595209707963,1,1,1,0,0,0,187.83808388318522,320.0,2539.190419415926,0.0,31.113598798635955,0.0,0.0,27.450390247485466,0.8024
W5_P1,13,2.6898,12.812,56.32,12.812,56.32,0.0,0.0,7.4170059916560875,20.0,1.059595209707963,1,1,1,0,0,0,103.83808388318522,320.0,2119.190419415926,0.0,37.96559879863595,0.0,0.0,27.395489466990494,0.8024
W5_P1,14,3.63,8.256,52.48,8.256,52.48,0.0,0.0,13.417005991656087,20.0,1.269595209707963,1,1,1,0,0,0,187.83808388318522,320.0,2539.190419415926,0.0,22.41939879863594,0.0,0.0,27.340698488056514,0.8024
W5_P1,15,3.8202000000000003,8.556000000000001,44.8,8.556000000000001,44.8,0.0,0.0,17.74945054945055,20.0,1.4212307692307693,1,1,1,0,0,0,248.4923076923077,320.0,2842.4615384615386,0.0,10.36511868131867,0.0,0.0,27.286017091080403,0.6074
W5_P1,16,3.75,15.664,33.28,15.664,33.28,0.0,0.0,11.749450549450554,20.0,1.2112307692307693,1,1,1,0,0,0,164.49230769230775,320.0,2422.4615384615386,0.0,12.233318681318679,0.0,0.0,27.23144505689824,0.6074
W5_P1,17,3.1398,8.372,24.32,8.372,24.32,0.0,0.0,5.7494505494505495,20.0,1.0012307692307691,1,1,1,0,0,0,80.49230769230769,320.0,2002.4615384615383,0.0,2.129150959331328,0.6723677219873517,0.0,27.782113116573065,0.6074
W5_P1,18,2.61,7.872,11.52,7.872,11.52,0.0,0.0,4.000000000000004,12.155769230769227,0.6262307692307691,1,1,1,0,0,0,56.00000000000006,194.49230769230763,1252.4615384615383,0.0,0.0,0.0,0.0,27.72654889033992,0.8024
W5_P1,19,2.1198,11.175999999999998,0.0,11.175999999999998,0.0,0.0,0.0,4.000000000000003,7.749999999999997,0.44999999999999996,1,1,1,0,0,0,56.00000000000004,123.99999999999996,899.9999999999999,0.0,0.0,0.0,3.143800000000002,24.177984681448127,0.8024
W5_P1,20,1.8599999999999999,9.884,0.0,9.884,0.0,0.0,0.0,4.000000000000003,7.749999999999997,0.44999999999999996,1,1,1,0,0,0,56.00000000000004,123.99999999999996,899.9999999999999,0.0,0.0,0.0,4.176,19.48962871208523,0.8024
W5_P1,21,1.6301999999999999,9.02,0.0,9.02,0.0,0.0,0.0,4.000000000000003,7.749999999999997,0.44999999999999996,1,1,1,0,0,0,56.00000000000004,123.99999999999996,899.9999999999999,0.0,0.0,0.0,4.810200000000002,14.105982787994392,0.6074
W5_P1,22,1.56,6.204,0.0,6.204,0.0,0.0,0.0,4.0,9.995944642806979,0.5398377857122791,1,1,1,0,0,0,56.0,159.93511428491166,1079.6755714245583,0.0,0.0,0.0,9.891782428519258,3.086901457397007,0.6074
W5_P1,23,1.4802,16.928,0.0,16.928,0.0,0.0,0.0,7.99999999999998,15.870944642806993,0.914837785712279,1,1,1,0,0,0,111.99999999999972,253.9351142849119,1829.675571424558,9.344842209535688,-0.0,0.006859781016437614,0.0,3.086901457397007,0.3424
W5_P2,0,1.3698000000000001,9.776,0.0,9.776,0.0,0.0,0.0,20.0,20.0,1.5,1,1,1,0,0,0,280.0,320.0,3000.0,33.10065978101643,-0.0,0.006859781016437756,0.0,3.086901457397007,0.3424
W5_P2,1,1.0997999999999999,13.5,0.0,13.5,0.0,0.0,0.0,20.0,20.0,1.5,1,1,1,0,0,0,280.0,320.0,3000.0,29.106659781016436,-0.0,0.006859781016437614,0.0,3.086901457397007,0.3424
W5_P2,2,0.7998000000000001,15.392,0.0,15.392,0.0,0.0,0.0,20.0,20.0,1.5,1,1,1,0,0,0,280.0,320.0,3000.0,26.914659781016436,-0.0,0.0068597810164379895,0.0,3.086901457397007,0.3424
W5_P2,3,0.99,13.312,0.0,13.312,0.0,0.0,0.0,20.0,20.0,1.5,1,1,1,0,0,0,280.0,320.0,3000.0,29.184859781016453,1.8262546335395963e-14,0.006859781016437614,0.0,3.086901457397007,0.3424
W5_P2,4,1.1802000000000001,15.144,0.0,15.144,0.0,0.0,0.0,20.0,20.0,1.5,1,1,1,0,0,0,280.0,320.0,3000.0,27.543059781016463,2.842170943040401e-14,0.0068597810164424304,5.153731484228919e-15,3.086901457397006,0.3424
W5_P2,5,1.6301999999999999,14.315999999999999,0.0,14.315999999999999,0.0,0.0,0.0,20.0,20.0,1.5,1,1,1,0,0,0,280.0,320.0,3000.0,40.8566074361092,-0.0,12.042407436109201,0.0,13.918894346980494,0.3424
W5_P2,6,2.5002,17.852,0.0,17.852,0.0,0.0,0.0,13.999999999999991,20.0,1.2899999999999998,1,1,1,0,0,0,195.9999999999999,320.0,2579.9999999999995,35.37270728698503,-0.0,15.434507286985035,0.0,27.782113116573065,0.3424
W5_P2,7,3.3701999999999996,9.628,3.2,9.628,3.2,0.0,0.0,7.999999999999996,15.875000000000004,0.9149999999999999,1,1,1,0,0,0,111.99999999999994,254.00000000000006,1829.9999999999998,0.0,0.0,0.0,15.332199999999997,10.690771112562144,0.6074
W5_P2,8,4.0098,22.324,10.88,22.324,10.88,0.0,0.0,8.110338164251207,20.0,1.0838618357487921,1,1,1,0,0,0,113.5447342995169,320.0,2167.7236714975843,0.0,0.0,0.0,0.0,10.66938957033702,0.6074
W5_P2,9,4.199999999999999,20.928,17.92,20.928,17.92,0.0,0.0,13.37971014492754,20.0,1.2682898550724637,1,1,1,0,0,0,187.31594202898555,320.0,2536.5797101449275,0.0,0.0,0.0,0.0,10.648050791196347,0.6074
W5_P2,10,4.1202,15.995999999999999,24.96,15.995999999999999,24.96,0.0,0.0,15.493526570048314,20.0,1.342273429951691,1,1,1,0,0,0,216.90937198067638,320.0,2684.546859903382,0.0,0.0,0.0,0.0,10.626754689613954,0.8024
W5_P2,11,3.9000000000000004,14.328000000000001,31.36,14.328000000000001,31.36,0.0,0.0,20.0,20.0,1.5,1,1,1,0,0,0,280.0,320.0,3000.0,0.0,0.0,0.28800000000000203,0.0,10.864701180234727,0.8024
W5_P2,12,3.2598000000000003,12.74,35.84,12.74,35.84,0.0,0.0,20.0,20.0,1.5,1,1,1,0,0,0,280.0,320.0,3000.0,0.0,0.0,3.820200000000005,0.0,14.281151777874262,0.8024
W5_P2,13,2.6898,12.812,37.12,12.812,37.12,0.0,0.0,19.90167938406208,20.0,1.4965587784421728,1,1,1,0,0,0,278.62351137686915,320.0,2993.1175568843455,0.0,0.0,5.8439618374957405,0.0,19.51215512806469,0.8024
W5_P2,14,3.63,8.256,32.0,8.256,32.0,0.0,0.0,13.901679384062081,20.0,1.2865587784421728,1,1,1,0,0,0,194.62351137686915,320.0,2573.1175568843455,0.0,0.0,1.4377618374957422,0.0,20.76711647155473,0.8024
W5_P2,15,3.8202000000000003,8.556000000000001,25.6,8.556000000000001,25.6,0.0,0.0,7.901679384062082,20.0,1.0765587784421728,1,1,1,0,0,0,110.62351137686915,320.0,2153.1175568843455,0.0,0.0,1.3575618374957514,0.0,21.947387892357796,0.6074
W5_P2,16,3.75,15.664,19.2,15.664,19.2,0.0,0.0,4.000000000000004,19.655961538461536,0.9262384615384615,1,1,1,0,0,0,56.00000000000006,314.4953846153846,1852.476923076923,0.0,0.0,6.5318000000000005,0.0,27.782113116573065,0.6074
W5_P2,17,3.1398,8.372,9.6,8.372,9.6,0.0,0.0,4.000000000000002,10.280961538461536,0.5512384615384615,1,1,1,0,0,0,56.00000000000003,164.49538461538458,1102.476923076923,0.0,0.0,0.0,0.0,27.72654889033992,0.6074
W5_P2,18,2.61,7.872,3.2,7.872,3.2,0.0,0.0,4.000000000000001,7.749999999999999,0.44999999999999996,1,1,1,0,0,0,56.000000000000014,123.99999999999999,899.9999999999999,0.0,0.0,0.0,3.7379999999999987,23.517762459225906,0.8024
W5_P2,19,2.1198,11.175999999999998,0.0,11.175999999999998,0.0,0.0,0.0,4.000000000000001,7.749999999999999,0.44999999999999996,1,1,1,0,0,0,56.000000000000014,123.99999999999999,899.9999999999999,0.0,0.0,0.0,3.1437999999999997,19.977615823196345,0.8024
W5_P2,20,1.8599999999999999,9.884,0.0,9.884,0.0,0.0,0.0,4.000000000000003,7.749999999999997,0.44999999999999996,1,1,1,0,0,0,56.00000000000004,123.99999999999996,899.9999999999999,0.0,0.0,0.0,4.176,15.297660591549956,0.8024
W5_P2,21,1.6301999999999999,9.02,0.0,9.02,0.0,0.0,0.0,4.000000000000003,7.749999999999997,0.44999999999999996,1,1,1,0,0,0,56.00000000000004,123.99999999999996,899.9999999999999,0.0,0.0,0.0,4.810200000000002,9.922398603700188,0.6074
W5_P2,22,1.56,6.204,0.0,6.204,0.0,0.0,0.0,8.000000000000002,12.855270260295141,0.7942108104118056,1,1,1,0,0,0,112.00000000000003,205.68432416472226,1588.4216208236112,10.87139395652074,0.0,0.0,6.134087114186203,3.086901457397007,0.6074
W5_P2,23,1.4802,16.928,0.0,16.928,0.0,0.0,0.0,14.0,16.980270260295146,1.1692108104118057,1,1,1,0,0,0,196.0,271.68432416472234,2338.4216208236116,16.708540851723384,-0.0,0.0068597810164379895,0.0,3.086901457397007,0.3424
W5_P3,0,1.3698000000000001,9.776,0.0,9.776,0.0,0.0,0.0,20.0,20.0,1.5,1,1,1,0,0,0,280.0,320.0,3000.0,33.10065978101642,-1.7733526270401784e-14,0.006859781016437756,0.0,3.086901457397007,0.3424
W5_P3,1,1.0997999999999999,13.5,0.0,13.5,0.0,0.0,0.0,20.0,20.0,1.5,1,1,1,0,0,0,280.0,320.0,3000.0,29.106659781016436,-0.0,0.006859781016437515,0.0,3.086901457397007,0.3424
W5_P3,2,0.7998000000000001,15.392,0.0,15.392,0.0,0.0,0.0,20.0,20.0,1.5,1,1,1,0,0,0,280.0,320.0,3000.0,26.914659781016436,-0.0,0.006859781016437614,0.0,3.086901457397007,0.3424
W5_P3,3,0.99,13.312,0.0,13.312,0.0,0.0,0.0,20.0,20.0,1.5,1,1,1,0,0,0,280.0,320.0,3000.0,29.184859781016392,-4.0958601370370475e-14,0.006859781016430095,-7.105427357601002e-15,3.086901457397007,0.3424
W5_P3,4,1.1802000000000001,15.144,0.0,15.144,0.0,0.0,0.0,20.0,20.0,1.5,1,1,1,0,0,0,280.0,320.0,3000.0,27.543059781016453,1.848435162236349e-14,0.006859781016437614,0.0,3.086901457397007,0.3424
W5_P3,5,1.6301999999999999,14.315999999999999,0.0,14.315999999999999,0.0,0.0,0.0,20.0,20.0,1.5,1,1,1,0,0,0,280.0,320.0,3000.0,40.85660743610919,-0.0,12.042407436109196,0.0,13.918894346980492,0.3424
W5_P3,6,2.5002,17.852,0.0,17.852,0.0,0.0,0.0,20.0,20.0,1.5,1,1,1,0,0,0,280.0,320.0,3000.0,41.582707286985034,-0.0,15.434507286985038,0.0,27.782113116573065,0.3424
W5_P3,7,3.3701999999999996,9.628,1.28,9.628,1.28,0.0,0.0,20.0,20.0,1.5,1,1,1,0,0,0,280.0,320.0,3000.0,33.962199999999996,0.0,0.0,0.0,27.726548890339927,0.6074
W5_P3,8,4.0098,22.324,3.2,22.324,3.2,0.0,0.0,15.838610218948029,20.0,1.354351357663181,1,1,1,0,0,0,221.7405430652724,320.0,2708.7027153263616,15.678761576611201,0.0,0.0,0.0,27.67109579255925,0.6074
W5_P3,9,4.199999999999999,20.928,5.12,20.928,5.12,0.0,0.0,9.838610218948023,20.0,1.1443513576631807,1,1,1,0,0,0,137.74054306527233,320.0,2288.7027153263616,9.134961576611207,0.0,0.0,0.0,27.61575360097413,0.6074
W5_P3,10,4.1202,15.995999999999999,7.68,15.995999999999999,7.68,0.0,0.0,4.0,15.73378394157952,0.7693513576631809,1,1,1,0,0,0,56.0,251.74054306527233,1538.7027153263616,0.0,0.0,0.0,0.9473352992427024,26.507927316835843,0.8024
W5_P3,11,3.9000000000000004,14.328000000000001,11.52,14.328000000000001,11.52,0.0,0.0,4.0,17.123076923076923,0.8249230769230769,1,1,1,0,0,0,56.0,273.96923076923076,1649.8461538461538,0.0,0.0,0.0,0.0,26.454911462202173,0.8024
W5_P3,12,3.2598000000000003,12.74,14.08,12.74,14.08,0.0,0.0,4.000000000000004,18.67326923076923,0.8869307692307692,1,1,1,0,0,0,56.00000000000006,298.77230769230766,1773.8615384615384,0.0,0.0,0.0,0.0,26.40200163927777,0.8024
W5_P3,13,2.6898,12.812,14.08,12.812,14.08,0.0,0.0,4.000000000000004,19.290576923076916,0.9116230769230768,1,1,1,0,0,0,56.00000000000006,308.64923076923066,1823.2461538461534,0.0,0.0,0.0,0.0,26.349197635999214,0.8024
W5_P3,14,3.63,8.256,11.52,8.256,11.52,0.0,0.0,4.0,11.544230769230769,0.6017692307692307,1,1,1,0,0,0,56.0,184.7076923076923,1203.5384615384614,0.0,0.0,0.0,0.0,26.29649924072722,0.8024
W5_P3,15,3.8202000000000003,8.556000000000001,7.04,8.556000000000001,7.04,0.0,0.0,5.0505494505494495,20.0,0.9767692307692307,1,1,1,0,0,0,70.7076923076923,320.0,1953.5384615384614,14.251518681318679,0.0,0.0,0.0,26.243906242245764,0.6074
W5_P3,16,3.75,15.664,5.12,15.664,5.12,0.0,0.0,10.0,20.0,1.1500000000000001,1,1,1,0,0,0,140.0,320.0,2300.0,14.116000000000007,0.0,0.0,0.0,26.191418429761278,0.6074
W5_P3,17,3.1398,8.372,3.2,8.372,3.2,0.0,0.0,4.0,20.0,0.94,1,1,1,0,0,0,56.0,320.0,1879.9999999999998,16.5078,0.0,0.0,0.0,26.139035592901756,0.6074
W5_P3,18,2.61,7.872,1.28,7.872,1.28,0.0,0.0,4.000000000000002,10.624999999999996,0.565,1,1,1,0,0,0,56.00000000000003,169.99999999999994,1129.9999999999998,0.0,0.0,0.0,8.648000000000001,16.47786863282706,0.8024
W5_P3,19,2.1198,11.175999999999998,0.0,11.175999999999998,0.0,0.0,0.0,4.000000000000003,7.749999999999997,0.44999999999999996,1,1,1,0,0,0,56.00000000000004,123.99999999999996,899.9999999999999,0.0,0.0,0.0,3.143800000000002,12.951801784450282,0.8024
W5_P3,20,1.8599999999999999,9.884,0.0,9.884,0.0,0.0,0.0,4.000000000000002,12.2491317799384,0.6299652711975361,1,1,1,0,0,0,56.00000000000003,195.9861084790144,1259.930542395072,0.0,0.0,0.0,8.855097051135937,3.086901457397007,0.8024
W5_P3,21,1.6301999999999999,9.02,0.0,9.02,0.0,0.0,0.0,8.000000000000004,18.124131779938402,1.004965271197536,1,1,1,0,0,0,112.00000000000006,289.98610847901443,2009.9305423950723,19.74615683215238,0.0,0.0068597810164379895,0.0,3.086901457397007,0.6074
W5_P3,22,1.56,6.204,0.0,6.204,0.0,0.0,0.0,14.0,20.0,1.29,1,1,1,0,0,0,196.0,320.0,2580.0,30.652859781016435,0.0,0.006859781016437614,0.0,3.086901457397007,0.6074
W5_P3,23,1.4802,16.928,0.0,16.928,0.0,0.0,0.0,20.0,20.0,1.5,1,1,1,0,0,0,280.0,320.0,3000.0,26.059059781016433,-0.0,0.0068597810164379895,0.0,3.086901457397007,0.3424
W5_P4,0,1.3698000000000001,9.776,0.0,9.776,0.0,0.0,0.0,20.0,20.0,1.5,1,1,1,0,0,0,280.0,320.0,3000.0,33.10065978101643,-0.0,0.0068597810164379895,0.0,3.086901457397007,0.3424
W5_P4,1,1.0997999999999999,13.5,0.0,13.5,0.0,0.0,0.0,20.0,20.0,1.5,1,1,1,0,0,0,280.0,320.0,3000.0,29.106659781016436,-0.0,0.00685978101643799,0.0,3.086901457397008,0.3424
W5_P4,2,0.7998000000000001,15.392,0.0,15.392,0.0,0.0,0.0,20.0,20.0,1.5,1,1,1,0,0,0,280.0,320.0,3000.0,26.914659781016436,-0.0,0.006859781016436847,0.0,3.086901457397007,0.3424
W5_P4,3,0.99,13.312,0.0,13.312,0.0,0.0,0.0,20.0,20.0,1.5,1,1,1,0,0,0,280.0,320.0,3000.0,29.184859781016453,1.8262546335395963e-14,0.006859781016437614,0.0,3.086901457397007,0.3424
W5_P4,4,1.1802000000000001,15.144,0.0,15.144,0.0,0.0,0.0,20.0,20.0,1.5,1,1,1,0,0,0,280.0,320.0,3000.0,27.543059781016453,1.848435162236349e-14,0.006859781016438483,0.0,3.086901457397006,0.3424
W5_P4,5,1.6301999999999999,14.315999999999999,0.0,14.315999999999999,0.0,0.0,0.0,20.0,20.0,1.5,1,1,1,0,0,0,280.0,320.0,3000.0,40.8566074361092,-0.0,12.042407436109201,0.0,13.918894346980494,0.3424
W5_P4,6,2.5002,17.852,0.0,17.852,0.0,0.0,0.0,20.0,20.0,1.5,1,1,1,0,0,0,280.0,320.0,3000.0,41.58270728698503,-0.0,15.434507286985035,0.0,27.782113116573065,0.3424
W5_P4,7,3.3701999999999996,9.628,0.0,9.628,0.0,0.0,0.0,20.0,20.0,1.5,1,1,1,0,0,0,280.0,320.0,3000.0,35.2422,0.0,0.0,0.0,27.72654889033992,0.6074
W5_P4,8,4.0098,22.324,0.0,22.324,0.0,0.0,0.0,16.0,20.0,1.36,1,1,1,0,0,0,224.0,320.0,2720.0,19.0458,0.0,0.0,0.0,27.671095792559242,0.6074
W5_P4,9,4.199999999999999,20.928,0.0,20.928,0.0,0.0,0.0,10.0,20.0,1.1500000000000001,1,1,1,0,0,0,140.0,320.0,2300.0,14.422,0.0,0.0,0.0,27.615753600974124,0.6074
W5_P4,10,4.1202,15.995999999999999,0.0,15.995999999999999,0.0,0.0,0.0,4.000000000000004,15.874999999999996,0.7749999999999999,1,1,1,0,0,0,56.00000000000006,253.99999999999994,1549.9999999999998,0.0,0.0,0.0,8.7742,17.811410982661066,0.8024
W5_P4,11,3.9000000000000004,14.328000000000001,1.28,14.328000000000001,1.28,0.0,0.0,4.000000000000001,7.749999999999999,0.44999999999999996,1,1,1,0,0,0,56.000000000000014,123.99999999999999,899.9999999999999,0.0,0.0,0.0,0.49199999999999844,17.229121494029084,0.8024
W5_P4,12,3.2598000000000003,12.74,5.12,12.74,5.12,0.0,0.0,4.000000000000002,10.057884615384614,0.5423153846153845,1,1,1,0,0,0,56.00000000000003,160.92615384615382,1084.6307692307691,0.0,0.0,0.0,0.0,17.194663251041025,0.8024
W5_P4,13,2.6898,12.812,7.68,12.812,7.68,0.0,0.0,4.000000000000004,13.136730769230766,0.6654692307692308,1,1,1,0,0,0,56.00000000000006,210.18769230769226,1330.9384615384615,0.0,0.0,0.0,0.0,17.16027392453894,0.8024
W5_P4,14,3.63,8.256,5.12,8.256,5.12,0.0,0.0,3.999999999999998,13.936076923076927,0.697443076923077,1,1,1,0,0,0,55.99999999999997,222.97723076923083,1394.886153846154,0.0,0.0,0.0,8.88752,7.250931154467642,0.8024
W5_P4,15,3.8202000000000003,8.556000000000001,1.28,8.556000000000001,1.28,0.0,0.0,7.7840879120879185,20.0,1.072443076923077,1,1,1,0,0,0,108.97723076923086,320.0,2144.8861538461542,22.840730989010996,0.0,0.0,0.0,7.236429292158707,0.6074
W5_P4,16,3.75,15.664,0.0,15.664,0.0,0.0,0.0,13.784087912087923,20.0,1.2824430769230772,1,1,1,0,0,0,192.9772307692309,320.0,2564.8861538461542,30.59357311501778,0.0,7.441042126006782,0.0,13.918894346980494,0.6074
W5_P4,17,3.1398,8.372,0.0,8.372,0.0,0.0,0.0,7.7840879120879185,20.0,1.072443076923077,1,1,1,0,0,0,108.97723076923086,320.0,2144.8861538461542,39.05883827599603,0.0,15.434507286985035,0.0,27.78211311657307,0.6074
W5_P4,18,2.61,7.872,0.0,7.872,0.0,0.0,0.0,3.999999999999998,13.936076923076927,0.697443076923077,1,1,1,0,0,0,55.99999999999997,222.97723076923083,1394.886153846154,0.0,0.0,0.0,13.371520000000002,12.869304445895475,0.8024
W5_P4,19,2.1198,11.175999999999998,0.0,11.175999999999998,0.0,0.0,0.0,4.000000000000001,7.749999999999999,0.44999999999999996,1,1,1,0,0,0,56.000000000000014,123.99999999999999,899.9999999999999,0.0,0.0,0.0,3.1437999999999997,9.350454725892575,0.8024
W5_P4,20,1.8599999999999999,9.884,0.0,9.884,0.0,0.0,0.0,4.000000000000004,15.874999999999996,0.7749999999999999,1,1,1,0,0,0,56.00000000000006,253.99999999999994,1549.9999999999998,7.005632876860593,0.0,0.0,5.620367123139404,3.086901457397007,0.8024
W5_P4,21,1.6301999999999999,9.02,0.0,9.02,0.0,0.0,0.0,10.0,20.0,1.1500000000000001,1,1,1,0,0,0,140.0,320.0,2300.0,23.767059781016442,0.0,0.006859781016437614,0.0,3.086901457397007,0.6074
W5_P4,22,1.56,6.204,0.0,6.204,0.0,0.0,0.0,16.0,20.0,1.36,1,1,1,0,0,0,224.0,320.0,2720.0,32.722859781016446,0.0,0.0068597810164379895,0.0,3.086901457397007,0.6074
W5_P4,23,1.4802,16.928,0.0,16.928,0.0,0.0,0.0,20.0,20.0,1.5,1,1,1,0,0,0,280.0,320.0,3000.0,26.059059781016433,-0.0,0.006859781016437614,0.0,3.086901457397007,0.3424
W6_P1,0,1.3698000000000001,9.448,0.0,9.448,0.0,0.0,0.0,14.000000000000004,17.749999999999993,1.1999999999999997,1,1,1,0,0,0,196.00000000000006,283.9999999999999,2399.9999999999995,24.878659781016445,1.1524616245173367e-14,0.006859781016437756,0.0,3.086901457397007,0.3424
W6_P1,1,1.0997999999999999,10.504,0.0,10.504,0.0,0.0,0.0,20.0,20.0,1.5,1,1,1,0,0,0,280.0,320.0,3000.0,32.102659781016435,-0.0,0.006859781016437614,0.0,3.086901457397007,0.3424
W6_P1,2,0.7998000000000001,11.788,0.0,11.788,0.0,0.0,0.0,20.0,20.0,1.5,1,1,1,0,0,0,280.0,320.0,3000.0,30.518659781016453,1.808235149329748e-14,0.0068597810164379895,0.0,3.086901457397007,0.3424
W6_P1,3,0.99,11.504000000000001,0.0,11.504000000000001,0.0,0.0,0.0,20.0,20.0,1.5,1,1,1,0,0,0,280.0,320.0,3000.0,30.99285978101643,-0.0,0.006859781016437614,0.0,3.086901457397007,0.3424
W6_P1,4,1.1802000000000001,11.16,0.0,11.16,0.0,0.0,0.0,20.0,20.0,1.5,1,1,1,0,0,0,280.0,320.0,3000.0,31.52705978101645,1.7946117816005448e-14,0.006859781016438483,0.0,3.0869014573970133,0.3424
W6_P1,5,1.6301999999999999,10.964,0.0,10.964,0.0,0.0,0.0,20.0,20.0,1.5,1,1,1,0,0,0,280.0,320.0,3000.0,44.20860743610919,-0.0,12.042407436109198,0.0,13.918894346980498,0.3424
W6_P1,6,2.5002,10.744,14.08,10.744,14.08,0.0,0.0,20.0,20.0,1.5,1,1,1,0,0,0,280.0,320.0,3000.0,34.61070728698503,-0.0,15.434507286985031,0.0,27.782113116573065,0.3424
W6_P1,7,3.3701999999999996,10.34,25.6,10.34,25.6,0.0,0.0,13.999999999999996,17.38442307692307,1.1853769230769227,1,1,1,0,0,0,195.99999999999994,278.15076923076913,2370.753846153845,0.0,0.0,0.0,0.0,27.726548890339924,0.6074
W6_P1,8,4.0098,9.671999999999999,37.12,9.671999999999999,37.12,0.0,0.0,19.999999999999993,20.0,1.4999999999999998,1,1,1,0,0,0,279.9999999999999,320.0,2999.9999999999995,0.0,1.2822000000000031,0.0,0.0,27.671095792559242,0.6074
W6_P1,9,4.199999999999999,6.9479999999999995,46.08,6.9479999999999995,46.08,0.0,0.0,19.417109541640546,20.0,1.4795988339574193,1,1,1,0,0,0,271.83953358296765,320.0,2959.1976679148383,0.0,7.931291624402029,0.0,0.0,27.615753600974127,0.6074
W6_P1,10,4.1202,6.04,52.48,6.04,52.48,0.0,0.0,13.417109541640551,20.0,1.2695988339574191,1,1,1,0,0,0,187.8395335829677,320.0,2539.1976679148383,0.0,19.713091624402026,0.0,0.0,27.560522093772178,0.8024
W6_P1,11,3.9000000000000004,6.06,55.04,6.06,55.04,0.0,0.0,7.41710954164055,20.0,1.0595988339574192,1,1,1,0,0,0,103.8395335829677,320.0,2119.1976679148383,0.0,28.723291624402034,0.0,0.0,27.505401049584638,0.8024
W6_P1,12,3.2598000000000003,6.5280000000000005,56.32,6.5280000000000005,56.32,0.0,0.0,13.417109541640551,20.0,1.2695988339574191,1,1,1,0,0,0,187.8395335829677,320.0,2539.1976679148383,0.0,24.901491624402034,0.0,0.0,27.45039024748547,0.8024
W6_P1,13,2.6898,5.768,56.32,5.768,56.32,0.0,0.0,16.0,20.0,1.36,1,1,1,0,0,0,224.0,320.0,2720.0,0.0,22.038199999999996,0.0,0.0,27.3954894669905,0.8024
W6_P1,14,3.63,5.432,52.48,5.432,52.48,0.0,0.0,10.0,20.0,1.1500000000000001,1,1,1,0,0,0,140.0,320.0,2300.0,0.0,23.13199999999999,0.0,0.0,27.340698488056525,0.8024
W6_P1,15,3.8202000000000003,5.368,44.8,5.368,44.8,0.0,0.0,4.0,20.0,0.94,1,1,1,0,0,0,56.0,320.0,1879.9999999999998,0.0,21.407799999999998,0.0,0.0,27.28601709108041,0.6074
W6_P1,16,3.75,6.656,33.28,6.656,33.28,0.0,0.0,10.0,20.0,1.1500000000000001,1,1,1,0,0,0,140.0,320.0,2300.0,0.0,5.035999999999994,0.0,0.0,27.231445056898256,0.6074
W6_P1,17,3.1398,8.408,24.32,8.408,24.32,0.0,0.0,7.841383843490495,20.0,1.0744484345221672,1,1,1,0,0,0,109.77937380886692,320.0,2148.8968690443344,0.0,0.0,0.6723677219873387,0.0,27.782113116573065,0.6074
W6_P1,18,2.61,10.808,11.52,10.808,11.52,0.0,0.0,4.0,14.919482664280824,0.7367793065712329,1,1,1,0,0,0,56.0,238.7117226284932,1473.558613142466,0.0,0.0,0.0617380291479428,0.0,27.78211311657307,0.8024
W6_P1,19,2.1198,9.604000000000001,0.0,9.604000000000001,0.0,0.0,0.0,4.000000000000003,7.749999999999997,0.44999999999999996,1,1,1,0,0,0,56.00000000000004,123.99999999999996,899.9999999999999,0.0,0.0,0.0,4.7158,22.486771112562145,0.8024
W6_P1,20,1.8599999999999999,6.832000000000001,0.0,6.832000000000001,0.0,0.0,0.0,4.000000000000003,7.749999999999997,0.44999999999999996,1,1,1,0,0,0,56.00000000000004,123.99999999999996,899.9999999999999,0.0,0.0,0.0,7.228,14.41068645922591,0.8024
W6_P1,21,1.6301999999999999,8.384,0.0,8.384,0.0,0.0,0.0,4.000000000000003,7.749999999999997,0.44999999999999996,1,1,1,0,0,0,56.00000000000004,123.99999999999996,899.9999999999999,0.0,0.0,0.0,5.446200000000001,8.330531752974125,0.6074
W6_P1,22,1.56,7.688000000000001,0.0,7.688000000000001,0.0,0.0,0.0,4.000000000000001,7.749999999999999,0.44999999999999996,1,1,1,0,0,0,56.000000000000014,123.99999999999999,899.9999999999999,1.3677276911359462,0.0,0.0,4.704272308864052,3.086901457397007,0.6074
W6_P1,23,1.4802,9.671999999999999,0.0,9.671999999999999,0.0,0.0,0.0,8.000000000000002,13.624999999999998,0.825,1,1,1,0,0,0,112.00000000000003,217.99999999999997,1649.9999999999998,14.265059781016436,-5.230638617156888e-15,0.0068597810164379895,0.0,3.086901457397007,0.3424
W6_P2,0,1.3698000000000001,9.448,0.0,9.448,0.0,0.0,0.0,20.0,20.0,1.5,1,1,1,0,0,0,280.0,320.0,3000.0,33.428659781016435,-0.0,0.006859781016437756,0.0,3.086901457397007,0.3424
W6_P2,1,1.0997999999999999,10.504,0.0,10.504,0.0,0.0,0.0,20.0,20.0,1.5,1,1,1,0,0,0,280.0,320.0,3000.0,32.102659781016435,-0.0,0.006859781016437496,0.0,3.086901457397007,0.3424
W6_P2,2,0.7998000000000001,11.788,0.0,11.788,0.0,0.0,0.0,20.0,20.0,1.5,1,1,1,0,0,0,280.0,320.0,3000.0,30.518659781016435,-0.0,0.006859781016437614,0.0,3.086901457397007,0.3424
W6_P2,3,0.99,11.504000000000001,0.0,11.504000000000001,0.0,0.0,0.0,20.0,20.0,1.5,1,1,1,0,0,0,280.0,320.0,3000.0,30.99285978101643,-0.0,0.0068597810164379895,-0.0,3.086901457397007,0.3424
W6_P2,4,1.1802000000000001,11.16,0.0,11.16,0.0,0.0,0.0,20.0,20.0,1.5,1,1,1,0,0,0,280.0,320.0,3000.0,31.52705978101645,1.7946117816005448e-14,0.006859781016437614,0.0,3.086901457397007,0.3424
W6_P2,5,1.6301999999999999,10.964,0.0,10.964,0.0,0.0,0.0,20.0,20.0,1.5,1,1,1,0,0,0,280.0,320.0,3000.0,44.2086074361092,-0.0,12.0424074361092,0.0,13.918894346980494,0.3424
W6_P2,6,2.5002,10.744,0.0,10.744,0.0,0.0,0.0,20.0,20.0,1.5,1,1,1,0,0,0,280.0,320.0,3000.0,48.69070728698503,-0.0,15.434507286985035,0.0,27.782113116573065,0.3424
W6_P2,7,3.3701999999999996,10.34,3.2,10.34,3.2,0.0,0.0,14.0,18.823302211073937,1.2429320884429573,1,1,1,0,0,0,196.0,301.172835377183,2485.8641768859147,14.72170959566064,0.0,0.0,9.174724703856254,17.53241033049964,0.6074
W6_P2,8,4.0098,9.671999999999999,10.88,9.671999999999999,10.88,0.0,0.0,8.000000000000002,14.698302211073935,0.8679320884429573,1,1,1,0,0,0,112.00000000000003,235.17283537718296,1735.8641768859147,7.02403429951689,0.0,0.0,0.0,17.49734550983864,0.6074
W6_P2,9,4.199999999999999,6.9479999999999995,17.92,6.9479999999999995,17.92,0.0,0.0,4.0,15.8923076923077,0.775692307692308,1,1,1,0,0,0,56.0,254.2769230769232,1551.384615384616,3.552713678800501e-15,0.0,0.0,0.0,17.462350818818965,0.6074
W6_P2,10,4.1202,6.04,24.96,6.04,24.96,0.0,0.0,6.289855072463776,19.586346153846144,1.0035987736900778,1,1,1,0,0,0,88.05797101449286,313.3815384615383,2007.1975473801556,0.0,0.0,0.0,0.0,17.42742611718133,0.8024
W6_P2,11,3.9000000000000004,6.06,31.36,6.06,31.36,0.0,0.0,12.289855072463771,20.0,1.230144927536232,1,1,1,0,0,0,172.0579710144928,320.0,2460.289855072464,0.0,0.0,0.0,0.0,17.392571264946966,0.8024
W6_P2,12,3.2598000000000003,6.5280000000000005,35.84,6.5280000000000005,35.84,0.0,0.0,17.689082125603868,20.0,1.4191178743961352,1,1,1,0,0,0,247.64714975845413,320.0,2838.2357487922704,0.0,0.0,0.0,0.0,17.35778612241707,0.8024
W6_P2,13,2.6898,5.768,37.12,5.768,37.12,0.0,0.0,18.56231884057971,20.0,1.4496811594202899,1,1,1,0,0,0,259.87246376811595,320.0,2899.3623188405795,0.0,0.0,0.18619999999999948,0.0,17.490650550172237,0.8024
W6_P2,14,3.63,5.432,32.0,5.432,32.0,0.0,0.0,12.56231884057971,20.0,1.23968115942029,1,1,1,0,0,0,175.87246376811595,320.0,2479.3623188405795,0.0,0.0,0.0,0.0,17.455669249071896,0.8024
W6_P2,15,3.8202000000000003,5.368,25.6,5.368,25.6,0.0,0.0,6.562318840579711,19.57288461538462,1.0125965440356746,1,1,1,0,0,0,91.87246376811595,313.1661538461539,2025.1930880713492,0.0,0.0,0.0,0.0,17.42075791057375,0.6074
W6_P2,16,3.75,6.656,19.2,6.656,19.2,0.0,0.0,4.0,17.27499999999999,0.8309999999999996,1,1,1,0,0,0,56.0,276.39999999999986,1661.9999999999993,-6.217248937900877e-15,0.0,0.0,0.0,17.385916394752613,0.6074
W6_P2,17,3.1398,8.408,9.6,8.408,9.6,0.0,0.0,4.000000000000002,10.31557692307692,0.5526230769230769,1,1,1,0,0,0,56.00000000000003,165.04923076923072,1105.2461538461537,0.0,0.0,0.0,0.0,17.351144561963107,0.6074
W6_P2,18,2.61,10.808,3.2,10.808,3.2,0.0,0.0,4.000000000000001,7.749999999999999,0.44999999999999996,1,1,1,0,0,0,56.000000000000014,123.99999999999999,899.9999999999999,0.0,0.0,0.0,0.8019999999999989,16.42533116172807,0.8024
W6_P2,19,2.1198,9.604000000000001,0.0,9.604000000000001,0.0,0.0,0.0,4.000000000000001,7.749999999999999,0.44999999999999996,1,1,1,0,0,0,56.000000000000014,123.99999999999999,899.9999999999999,0.0,0.0,0.0,4.715799999999997,11.152702721626842,0.8024
W6_P2,20,1.8599999999999999,6.832000000000001,0.0,6.832000000000001,0.0,0.0,0.0,4.000000000000003,7.749999999999997,0.44999999999999996,1,1,1,0,0,0,56.00000000000004,123.99999999999996,899.9999999999999,0.0,0.0,0.0,7.228,3.0992862050724765,0.8024
W6_P2,21,1.6301999999999999,8.384,0.0,8.384,0.0,0.0,0.0,8.000000000000004,13.624999999999996,0.825,1,1,1,0,0,0,112.00000000000006,217.99999999999994,1649.9999999999998,15.696199999999997,0.0,0.0,0.0,3.0930876326623316,0.6074
W6_P2,22,1.56,7.688000000000001,0.0,7.688000000000001,0.0,0.0,0.0,14.0,17.75,1.2,1,1,1,0,0,0,196.0,284.0,2400.0,26.822000000000003,0.0,0.0,0.0,3.086901457397007,0.6074
W6_P2,23,1.4802,9.671999999999999,0.0,9.671999999999999,0.0,0.0,0.0,20.0,20.0,1.5,1,1,1,0,0,0,280.0,320.0,3000.0,33.31505978101644,-0.0,0.0068597810164379895,0.0,3.086901457397007,0.3424
W6_P3,0,1.3698000000000001,9.448,0.0,9.448,0.0,0.0,0.0,20.0,20.0,1.5,1,1,1,0,0,0,280.0,320.0,3000.0,33.428659781016435,-0.0,0.0068597810164379895,0.0,3.086901457397007,0.3424
W6_P3,1,1.0997999999999999,10.504,0.0,10.504,0.0,0.0,0.0,20.0,20.0,1.5,1,1,1,0,0,0,280.0,320.0,3000.0,32.102659781016435,-0.0,0.00685978101643799,0.0,3.086901457397008,0.3424
W6_P3,2,0.7998000000000001,11.788,0.0,11.788,0.0,0.0,0.0,20.0,20.0,1.5,1,1,1,0,0,0,280.0,320.0,3000.0,30.518659781016435,0.0,0.006859781016436847,-0.0,3.086901457397007,0.3424
W6_P3,3,0.99,11.504000000000001,0.0,11.504000000000001,0.0,0.0,0.0,20.0,20.0,1.5,1,1,1,0,0,0,280.0,320.0,3000.0,30.99285978101643,0.0,0.006859781016437614,-0.0,3.086901457397007,0.3424
W6_P3,4,1.1802000000000001,11.16,0.0,11.16,0.0,0.0,0.0,20.0,20.0,1.5,1,1,1,0,0,0,280.0,320.0,3000.0,31.52705978101645,1.7946117816005448e-14,0.006859781016438483,0.0,3.086901457397006,0.3424
W6_P3,5,1.6301999999999999,10.964,0.0,10.964,0.0,0.0,0.0,20.0,20.0,1.5,1,1,1,0,0,0,280.0,320.0,3000.0,44.2086074361092,-0.0,12.042407436109201,0.0,13.918894346980494,0.3424
W6_P3,6,2.5002,10.744,0.0,10.744,0.0,0.0,0.0,20.0,20.0,1.5,1,1,1,0,0,0,280.0,320.0,3000.0,48.69070728698503,-0.0,15.434507286985035,0.0,27.782113116573065,0.3424
W6_P3,7,3.3701999999999996,10.34,1.28,10.34,1.28,0.0,0.0,20.0,20.0,1.5,1,1,1,0,0,0,280.0,320.0,3000.0,33.2502,0.0,0.0,0.0,27.72654889033992,0.6074
W6_P3,8,4.0098,9.671999999999999,3.2,9.671999999999999,3.2,0.0,0.0,16.0,20.0,1.36,1,1,1,0,0,0,224.0,320.0,2720.0,28.497800000000005,0.0,0.0,0.0,27.671095792559242,0.6074
W6_P3,9,4.199999999999999,6.9479999999999995,5.12,6.9479999999999995,5.12,0.0,0.0,10.0,20.0,1.1500000000000001,1,1,1,0,0,0,140.0,320.0,2300.0,23.282000000000004,0.0,0.0,0.0,27.615753600974124,0.6074
W6_P3,10,4.1202,6.04,7.68,6.04,7.68,0.0,0.0,4.000000000000004,15.874999999999996,0.7749999999999999,1,1,1,0,0,0,56.00000000000006,253.99999999999994,1549.9999999999998,0.0,0.0,0.0,11.0502,15.282522093772176,0.8024
W6_P3,11,3.9000000000000004,6.06,11.52,6.06,11.52,0.0,0.0,4.0,9.173076923076922,0.5069230769230768,1,1,1,0,0,0,56.0,146.76923076923075,1013.8461538461537,0.0,0.0,0.0,0.0,15.251957049584634,0.8024
W6_P3,12,3.2598000000000003,6.5280000000000005,14.08,6.5280000000000005,14.08,0.0,0.0,4.000000000000002,12.700192307692307,0.6480076923076923,1,1,1,0,0,0,56.00000000000003,203.2030769230769,1296.0153846153846,0.0,0.0,0.0,0.0,15.221453135485465,0.8024
W6_P3,13,2.6898,5.768,14.08,5.768,14.08,0.0,0.0,4.000000000000002,12.5175,0.6407,1,1,1,0,0,0,56.00000000000003,200.28,1281.4,0.0,0.0,0.0,0.0,15.191010229214495,0.8024
W6_P3,14,3.63,5.432,11.52,5.432,11.52,0.0,0.0,4.0,14.529986806673055,0.7211994722669222,1,1,1,0,0,0,56.0,232.47978890676887,1442.3989445338443,0.0,0.0,0.0,5.9291862789399765,8.572643454378314,0.8024
W6_P3,15,3.8202000000000003,5.368,7.04,5.368,7.04,0.0,0.0,8.462842064769205,20.0,1.0961994722669222,1,1,1,0,0,0,118.47978890676887,320.0,2192.3989445338443,20.97124153703613,0.0,0.0,0.0,8.555498167469556,0.6074
W6_P3,16,3.75,6.656,5.12,6.656,5.12,0.0,0.0,14.462842064769209,20.0,1.3061994722669221,1,1,1,0,0,0,202.47978890676893,320.0,2612.3989445338443,33.72138284353154,0.0,5.978341306495418,0.0,13.918894346980494,0.6074
W6_P3,17,3.1398,8.408,3.2,8.408,3.2,0.0,0.0,8.462842064769205,20.0,1.0961994722669222,1,1,1,0,0,0,118.47978890676887,320.0,2192.3989445338443,36.525348824021165,0.0,15.434507286985035,0.0,27.782113116573065,0.6074
W6_P3,18,2.61,10.808,1.28,10.808,1.28,0.0,0.0,4.0,14.529986806673055,0.7211994722669222,1,1,1,0,0,0,56.0,232.47978890676887,1442.3989445338443,5.6183637648538045e-15,0.0,0.0,9.77318627893997,16.867453024851063,0.8024
W6_P3,19,2.1198,9.604000000000001,0.0,9.604000000000001,0.0,0.0,0.0,4.000000000000003,7.749999999999997,0.44999999999999996,1,1,1,0,0,0,56.00000000000004,123.99999999999996,899.9999999999999,4.7158,0.0,0.0,0.0,16.833718118801364,0.8024
W6_P3,20,1.8599999999999999,6.832000000000001,0.0,6.832000000000001,0.0,0.0,0.0,4.000000000000002,12.667148367932738,0.6466859347173096,1,1,1,0,0,0,56.00000000000003,202.6743738869238,1293.3718694346192,-2.842170943040401e-14,0.0,0.0,12.341834302650078,3.086901457397007,0.8024
W6_P3,21,1.6301999999999999,8.384,0.0,8.384,0.0,0.0,0.0,10.0,16.79214836793274,1.0216859347173095,1,1,1,0,0,0,140.0,268.67437388692383,2043.371869434619,21.066894083666483,0.0,0.006859781016437614,0.0,3.086901457397007,0.6074
W6_P3,22,1.56,7.688000000000001,0.0,7.688000000000001,0.0,0.0,0.0,16.0,20.0,1.36,1,1,1,0,0,0,224.0,320.0,2720.0,31.238859781016444,0.0,0.0068597810164379895,0.0,3.086901457397007,0.6074
W6_P3,23,1.4802,9.671999999999999,0.0,9.671999999999999,0.0,0.0,0.0,20.0,20.0,1.5,1,1,1,0,0,0,280.0,320.0,3000.0,33.31505978101644,-0.0,0.006859781016437614,0.0,3.086901457397007,0.3424
W6_P4,0,1.3698000000000001,9.448,0.0,9.448,0.0,0.0,0.0,20.0,20.0,1.5,1,1,1,0,0,0,280.0,320.0,3000.0,33.428659781016435,-0.0,0.006859781016437756,-0.0,3.086901457397007,0.3424
W6_P4,1,1.0997999999999999,10.504,0.0,10.504,0.0,0.0,0.0,20.0,20.0,1.5,1,1,1,0,0,0,280.0,320.0,3000.0,32.102659781016435,0.0,0.006859781016437614,-0.0,3.086901457397007,0.3424
W6_P4,2,0.7998000000000001,11.788,0.0,11.788,0.0,0.0,0.0,20.0,20.0,1.5,1,1,1,0,0,0,280.0,320.0,3000.0,30.518659781016435,-0.0,0.0068597810164379895,0.0,3.086901457397007,0.3424
W6_P4,3,0.99,11.504000000000001,0.0,11.504000000000001,0.0,0.0,0.0,20.0,20.0,1.5,1,1,1,0,0,0,280.0,320.0,3000.0,30.99285978101643,-0.0,0.006859781016437614,0.0,3.086901457397007,0.3424
W6_P4,4,1.1802000000000001,11.16,0.0,11.16,0.0,0.0,0.0,20.0,20.0,1.5,1,1,1,0,0,0,280.0,320.0,3000.0,31.527059781016455,1.7870782253396024e-14,0.006859781016438483,0.0,3.0869014573970115,0.3424
W6_P4,5,1.6301999999999999,10.964,0.0,10.964,0.0,0.0,0.0,20.0,20.0,1.5,1,1,1,0,0,0,280.0,320.0,3000.0,44.20860743610918,-8.92942198042902e-15,12.042407436109196,0.0,13.918894346980494,0.3424
W6_P4,6,2.5002,10.744,0.0,10.744,0.0,0.0,0.0,20.0,20.0,1.5,1,1,1,0,0,0,280.0,320.0,3000.0,48.69070728698503,-0.0,15.434507286985035,0.0,27.782113116573065,0.3424
W6_P4,7,3.3701999999999996,10.34,0.0,10.34,0.0,0.0,0.0,20.0,20.0,1.5,1,1,1,0,0,0,280.0,320.0,3000.0,34.530199999999994,0.0,0.0,0.0,27.726548890339924,0.6074
W6_P4,8,4.0098,9.671999999999999,0.0,9.671999999999999,0.0,0.0,0.0,16.0,20.0,1.36,1,1,1,0,0,0,224.0,320.0,2720.0,31.697800000000008,0.0,0.0,0.0,27.671095792559242,0.6074
W6_P4,9,4.199999999999999,6.9479999999999995,0.0,6.9479999999999995,0.0,0.0,0.0,10.0,20.0,1.1500000000000001,1,1,1,0,0,0,140.0,320.0,2300.0,28.586843906221052,0.0,0.18484390622104582,0.0,27.782113116573065,0.6074
W6_P4,10,4.1202,6.04,0.0,6.04,0.0,0.0,0.0,4.000000000000004,15.874999999999996,0.7749999999999999,1,1,1,0,0,0,56.00000000000006,253.99999999999994,1549.9999999999998,5.354409685592135,0.0,0.0,13.375790314407865,12.864559652108959,0.8024
W6_P4,11,3.9000000000000004,6.06,1.28,6.06,1.28,0.0,0.0,4.0,7.75,0.44999999999999996,1,1,1,0,0,0,56.0,124.0,899.9999999999999,0.0,0.0,0.0,8.76,3.1054971994714062,0.8024
W6_P4,12,3.2598000000000003,6.5280000000000005,5.12,6.5280000000000005,5.12,0.0,0.0,4.000000000000001,7.749999999999999,0.44999999999999996,1,1,1,0,0,0,56.000000000000014,123.99999999999999,899.9999999999999,3.8118000000000105,0.0,0.0,-1.1168665992045135e-14,3.0992862050724757,0.8024
W6_P4,13,2.6898,5.768,7.68,5.768,7.68,0.0,0.0,4.000000000000001,7.749999999999999,0.44999999999999996,1,1,1,0,0,0,56.000000000000014,123.99999999999999,899.9999999999999,1.4417999999999982,0.0,0.0,0.0,3.0930876326623316,0.8024
W6_P4,14,3.63,5.432,5.12,5.432,5.12,0.0,0.0,4.000000000000004,15.474999999999998,0.759,1,1,1,0,0,0,56.00000000000006,247.59999999999997,1518.0,13.312000000000001,0.0,0.0,0.0,3.086901457397007,0.8024
W6_P4,15,3.8202000000000003,5.368,1.28,5.368,1.28,0.0,0.0,9.542857142857136,20.0,1.134,1,1,1,0,0,0,133.5999999999999,320.0,2267.9999999999995,27.855916923873572,0.0,0.006859781016437614,0.0,3.086901457397007,0.6074
W6_P4,16,3.75,6.656,0.0,6.656,0.0,0.0,0.0,15.542857142857136,20.0,1.3439999999999999,1,1,1,0,0,0,217.5999999999999,320.0,2687.9999999999995,46.023264578966334,0.0,12.0424074361092,0.0,13.918894346980494,0.6074
W6_P4,17,3.1398,8.408,0.0,8.408,0.0,0.0,0.0,9.542857142857136,20.0,1.134,1,1,1,0,0,0,133.5999999999999,320.0,2267.9999999999995,40.843164429842176,0.0,15.434507286985035,0.0,27.782113116573065,0.6074
W6_P4,18,2.61,10.808,0.0,10.808,0.0,0.0,0.0,4.0,15.474999999999998,0.7589999999999999,1,1,1,0,0,0,56.0,247.59999999999997,1517.9999999999998,0.0,0.0,0.0,12.035999999999998,14.353215557006589,0.8024
W6_P4,19,2.1198,9.604000000000001,0.0,9.604000000000001,0.0,0.0,0.0,4.000000000000001,7.749999999999999,0.44999999999999996,1,1,1,0,0,0,56.000000000000014,123.99999999999999,899.9999999999999,0.0,0.0,0.0,4.715799999999997,9.0847313481148,0.8024
W6_P4,20,1.8599999999999999,6.832000000000001,0.0,6.832000000000001,0.0,0.0,0.0,4.000000000000004,15.874999999999996,0.7749999999999999,1,1,1,0,0,0,56.00000000000006,253.99999999999994,1549.9999999999998,10.296305614780591,0.0,0.0,5.381694385219406,3.086901457397008,0.8024
W6_P4,21,1.6301999999999999,8.384,0.0,8.384,0.0,0.0,0.0,10.0,20.0,1.1500000000000001,1,1,1,0,0,0,140.0,320.0,2300.0,24.40305978101644,0.0,0.006859781016436847,0.0,3.086901457397007,0.6074
W6_P4,22,1.56,7.688000000000001,0.0,7.688000000000001,0.0,0.0,0.0,16.0,20.0,1.36,1,1,1,0,0,0,224.0,320.0,2720.0,31.238859781016444,0.0,0.006859781016437614,0.0,3.086901457397007,0.6074
W6_P4,23,1.4802,9.671999999999999,0.0,9.671999999999999,0.0,0.0,0.0,20.0,20.0,1.5,1,1,1,0,0,0,280.0,320.0,3000.0,33.31505978101644,-0.0,0.0068597810164379895,0.0,3.086901457397007,0.3424
